time,open,high,low,close,volume,SMA
2015-02-17T00:00:00.000Z,127.489998,128.880005,126.919998,127.830002,63152400,
2015-02-18T00:00:00.000Z,127.629997,128.779999,127.449997,128.720001,44891700,
2015-02-19T00:00:00.000Z,128.479996,129.029999,128.330002,128.449997,37362400,
2015-02-20T00:00:00.000Z,128.619995,129.5,128.050003,129.5,48948400,
2015-02-23T00:00:00.000Z,130.020004,133,129.660004,133,70974100,
2015-02-24T00:00:00.000Z,132.940002,133.600006,131.169998,132.169998,69228100,
2015-02-25T00:00:00.000Z,131.559998,131.600006,128.149994,128.789993,74711700,
2015-02-26T00:00:00.000Z,128.789993,130.869995,126.610001,130.419998,91287500,
2015-02-27T00:00:00.000Z,130,130.570007,128.240005,128.460007,62014800,
2015-03-02T00:00:00.000Z,129.25,130.279999,128.300003,129.089996,48096700,
2015-03-03T00:00:00.000Z,128.960007,129.520004,128.089996,129.360001,37816300,
2015-03-04T00:00:00.000Z,129.100006,129.559998,128.320007,128.539993,31666300,
2015-03-05T00:00:00.000Z,128.580002,128.75,125.760002,126.410004,56517100,
2015-03-06T00:00:00.000Z,128.399994,129.369995,126.260002,126.599998,72842100,129.095713
2015-03-09T00:00:00.000Z,127.959999,129.570007,125.059998,127.139999,88528500,129.046427
2015-03-10T00:00:00.000Z,126.410004,127.220001,123.800003,124.510002,68856600,128.745713
2015-03-11T00:00:00.000Z,124.75,124.769997,122.110001,122.239998,68939000,128.302142
2015-03-12T00:00:00.000Z,122.309998,124.900002,121.629997,124.449997,48362700,127.941427
2015-03-13T00:00:00.000Z,124.400002,125.400002,122.580002,123.589996,51827300,127.269284
2015-03-16T00:00:00.000Z,123.879997,124.949997,122.870003,124.949997,35874300,126.753570
2015-03-17T00:00:00.000Z,125.900002,127.32,125.650002,127.040001,51023100,126.628570
2015-03-18T00:00:00.000Z,127,129.160004,126.370003,128.470001,65270900,126.489285
2015-03-19T00:00:00.000Z,128.75,129.25,127.400002,127.5,45809500,126.420713
2015-03-20T00:00:00.000Z,128.25,128.399994,125.160004,125.900002,68695100,126.192856
2015-03-23T00:00:00.000Z,127.120003,127.849998,126.519997,127.209999,37709700,126.039285
2015-03-24T00:00:00.000Z,127.230003,128.039993,126.559998,126.690002,32842300,125.907143
2015-03-25T00:00:00.000Z,126.540001,126.82,123.379997,123.379997,51655200,125.690713
2015-03-26T00:00:00.000Z,122.760002,124.879997,122.599998,124.239998,47572900,125.522142
2015-03-27T00:00:00.000Z,124.57,124.699997,122.910004,123.25,39546200,125.244285
2015-03-30T00:00:00.000Z,124.050003,126.400002,124,126.370003,47099700,125.377142
2015-03-31T00:00:00.000Z,126.089996,126.489998,124.360001,124.43,42090600,125.533571
2015-04-01T00:00:00.000Z,124.82,125.120003,123.099998,124.25,40621400,125.519285
2015-04-02T00:00:00.000Z,125.029999,125.559998,124.190002,125.32,32220100,125.642857
2015-04-06T00:00:00.000Z,124.470001,127.510002,124.330002,127.349998,37194000,125.814286
2015-04-07T00:00:00.000Z,127.639999,128.119995,125.980003,126.010002,35012300,125.740714
2015-04-08T00:00:00.000Z,125.849998,126.400002,124.970001,125.599998,37329200,125.535714
2015-04-09T00:00:00.000Z,125.849998,126.580002,124.660004,126.559998,32484000,125.468571
2015-04-10T00:00:00.000Z,125.949997,127.209999,125.260002,127.099998,40188000,125.554285
2015-04-13T00:00:00.000Z,128.369995,128.570007,126.610001,126.849998,36365100,125.528571
2015-04-14T00:00:00.000Z,127,127.290001,125.910004,126.300003,25524600,125.500714
2015-04-15T00:00:00.000Z,126.410004,127.129997,126.010002,126.779999,28970400,125.743571
2015-04-16T00:00:00.000Z,126.279999,127.099998,126.110001,126.169998,28369000,125.881428
2015-04-17T00:00:00.000Z,125.550003,126.139999,124.459999,124.75,51957000,125.988571
2015-04-20T00:00:00.000Z,125.57,128.119995,125.169998,127.599998,47054300,126.076428
2015-04-21T00:00:00.000Z,128.100006,128.199997,126.669998,126.910004,32435100,126.253571
2015-04-22T00:00:00.000Z,126.989998,128.869995,126.32,128.619995,37654500,126.565713
2015-04-23T00:00:00.000Z,128.300003,130.419998,128.139999,129.669998,45770900,126.876428
2015-04-24T00:00:00.000Z,130.490005,130.630005,129.229996,130.279999,44525900,127.085713
2015-04-27T00:00:00.000Z,132.309998,133.130005,131.149994,132.649994,96954200,127.559999
2015-04-28T00:00:00.000Z,134.460007,134.539993,129.570007,130.559998,118924000,127.914284
2015-04-29T00:00:00.000Z,130.160004,131.589996,128.300003,128.639999,63386100,128.062856
2015-04-30T00:00:00.000Z,128.639999,128.639999,124.580002,125.150002,83195400,127.923570
2015-05-01T00:00:00.000Z,126.099998,130.130005,125.300003,128.949997,58512600,128.073570
2015-05-04T00:00:00.000Z,129.5,130.570007,128.259995,128.699997,50988300,128.244998
2015-05-05T00:00:00.000Z,128.149994,128.449997,125.779999,125.800003,49271400,128.174999
2015-05-06T00:00:00.000Z,126.559998,126.75,123.360001,125.010002,72141000,128.092142
2015-05-07T00:00:00.000Z,124.769997,126.080002,124.019997,125.260002,43940900,128.128571
2015-05-08T00:00:00.000Z,126.68,127.620003,126.110001,127.620003,55550400,128.130000
2015-05-11T00:00:00.000Z,127.389999,127.559998,125.629997,126.32,42035800,128.087856
2015-05-12T00:00:00.000Z,125.599998,126.879997,124.82,125.870003,48160000,127.891428
2015-05-13T00:00:00.000Z,126.150002,127.190002,125.870003,126.010002,34694200,127.630000
2015-05-14T00:00:00.000Z,127.410004,128.949997,127.160004,128.949997,45203500,127.535000
2015-05-15T00:00:00.000Z,129.070007,129.490005,128.210007,128.770004,38208000,127.257858
2015-05-18T00:00:00.000Z,128.380005,130.720001,128.360001,130.190002,50882900,127.231430
2015-05-19T00:00:00.000Z,130.690002,130.880005,129.639999,130.070007,44633200,127.333573
2015-05-20T00:00:00.000Z,130,130.979996,129.339996,130.059998,36454900,127.684287
2015-05-21T00:00:00.000Z,130.070007,131.630005,129.830002,131.389999,39730400,127.858573
2015-05-22T00:00:00.000Z,131.600006,132.970001,131.399994,132.539993,45596000,128.132858
2015-05-26T00:00:00.000Z,132.600006,132.910004,129.119995,129.619995,70697600,128.405715
2015-05-27T00:00:00.000Z,130.339996,132.259995,130.050003,132.039993,45833200,128.907857
2015-05-28T00:00:00.000Z,131.860001,131.949997,131.100006,131.779999,30733300,129.373571
2015-05-29T00:00:00.000Z,131.229996,131.449997,129.899994,130.279999,50884500,129.563571
2015-06-01T00:00:00.000Z,130.279999,131.389999,130.050003,130.539993,32112800,129.864999
2015-06-02T00:00:00.000Z,129.860001,130.660004,129.320007,129.960007,33667600,130.157142
2015-06-03T00:00:00.000Z,130.660004,130.940002,129.899994,130.119995,30889400,130.450713
2015-06-04T00:00:00.000Z,129.580002,130.580002,128.910004,129.360001,38450100,130.479999
2015-06-05T00:00:00.000Z,129.5,129.690002,128.360001,128.649994,35626800,130.471427
2015-06-08T00:00:00.000Z,128.899994,129.210007,126.830002,127.800003,52674800,130.300713
2015-06-09T00:00:00.000Z,126.699997,128.080002,125.620003,127.419998,56075400,130.111426
2015-06-10T00:00:00.000Z,127.919998,129.339996,127.849998,128.880005,39087300,130.027141
2015-06-11T00:00:00.000Z,129.179993,130.179993,128.479996,128.589996,35390900,129.827141
2015-06-12T00:00:00.000Z,128.190002,128.330002,127.110001,127.169998,36886200,129.443570
2015-06-15T00:00:00.000Z,126.099998,127.239998,125.709999,126.919998,43988900,129.250713
2015-06-16T00:00:00.000Z,127.029999,127.849998,126.370003,127.599998,31494100,128.933570
2015-06-17T00:00:00.000Z,127.720001,127.879997,126.739998,127.300003,32918100,128.613571
2015-06-18T00:00:00.000Z,127.230003,128.309998,127.220001,127.879997,35407200,128.442142
2015-06-19T00:00:00.000Z,127.709999,127.82,126.400002,126.599998,54716900,128.160714
2015-06-22T00:00:00.000Z,127.489998,128.059998,127.080002,127.610001,34039300,127.992856
2015-06-23T00:00:00.000Z,127.480003,127.610001,126.879997,127.029999,30268900,127.772142
2015-06-24T00:00:00.000Z,127.209999,129.800003,127.120003,128.110001,55280900,127.682856
2015-06-25T00:00:00.000Z,128.860001,129.199997,127.5,127.5,31938100,127.600714
2015-06-26T00:00:00.000Z,127.669998,127.989998,126.510002,126.75,44066800,127.525714
2015-06-29T00:00:00.000Z,125.459999,126.470001,124.480003,124.529999,49161400,127.319285
2015-06-30T00:00:00.000Z,125.57,126.120003,124.860001,125.43,44370700,127.072856
2015-07-01T00:00:00.000Z,126.900002,126.940002,125.989998,126.599998,30238800,126.930714
2015-07-02T00:00:00.000Z,126.43,126.690002,125.769997,126.440002,27211000,126.878571
2015-07-06T00:00:00.000Z,124.940002,126.230003,124.849998,126,28060400,126.812857
2015-07-07T00:00:00.000Z,125.889999,126.150002,123.769997,125.690002,46946800,126.676429
2015-07-08T00:00:00.000Z,124.480003,124.639999,122.540001,122.57,60761600,126.338571
2015-07-09T00:00:00.000Z,123.849998,124.059998,119.220001,120.07,77821600,125.780714
2015-07-10T00:00:00.000Z,121.940002,123.849998,121.209999,123.279999,61354500,125.543572
2015-07-13T00:00:00.000Z,125.029999,125.760002,124.32,125.660004,41440500,125.404286
2015-07-14T00:00:00.000Z,126.040001,126.370003,125.040001,125.610001,31768100,125.302858
2015-07-15T00:00:00.000Z,125.720001,127.150002,125.580002,126.82,33649200,125.210715
2015-07-16T00:00:00.000Z,127.739998,128.570007,127.349998,128.509995,36222400,125.282857
2015-07-17T00:00:00.000Z,129.080002,129.619995,128.309998,129.619995,46164700,125.487857
2015-07-20T00:00:00.000Z,130.970001,132.970001,130.699997,132.070007,58900200,126.026429
2015-07-21T00:00:00.000Z,132.850006,132.919998,130.320007,130.75,76756400,126.406429
2015-07-22T00:00:00.000Z,121.989998,125.5,121.989998,125.220001,115450600,126.307858
2015-07-23T00:00:00.000Z,126.199997,127.089996,125.059998,125.160004,50999500,126.216429
2015-07-24T00:00:00.000Z,125.32,125.739998,123.900002,124.5,42162300,126.109286
2015-07-27T00:00:00.000Z,123.089996,123.610001,122.120003,122.769997,44455500,125.900715
2015-07-28T00:00:00.000Z,123.379997,123.910004,122.550003,123.379997,33618100,125.958571
2015-07-29T00:00:00.000Z,123.150002,123.5,122.269997,122.989998,37011700,126.167143
2015-07-30T00:00:00.000Z,122.32,122.57,121.709999,122.370003,33628300,126.102143
2015-07-31T00:00:00.000Z,122.599998,122.639999,120.910004,121.300003,42885000,125.790714
2015-08-03T00:00:00.000Z,121.5,122.57,117.519997,118.440002,69976000,125.278572
2015-08-04T00:00:00.000Z,117.419998,117.699997,113.25,114.639999,124138600,124.408572
2015-08-05T00:00:00.000Z,112.949997,117.440002,112.099998,115.400002,99312600,123.472143
2015-08-06T00:00:00.000Z,115.970001,116.5,114.120003,115.129997,52903000,122.437144
2015-08-07T00:00:00.000Z,114.580002,116.25,114.5,115.519997,38670400,121.255000
2015-08-10T00:00:00.000Z,116.529999,119.989998,116.529999,119.720001,54951600,120.467143
2015-08-11T00:00:00.000Z,117.809998,118.18,113.330002,113.489998,97082800,119.629286
2015-08-12T00:00:00.000Z,112.529999,115.419998,109.629997,115.239998,101217500,118.920714
2015-08-13T00:00:00.000Z,116.040001,116.400002,114.540001,115.150002,48535800,118.252857
2015-08-14T00:00:00.000Z,114.32,116.309998,114.010002,115.959999,42929500,117.766428
2015-08-17T00:00:00.000Z,116.040001,117.650002,115.5,117.160004,40884700,117.322143
2015-08-18T00:00:00.000Z,116.43,117.440002,116.010002,116.5,34560700,116.858572
2015-08-19T00:00:00.000Z,116.099998,116.519997,114.68,115.010002,47445700,116.332857
2015-08-20T00:00:00.000Z,114.080002,114.349998,111.629997,112.650002,68501600,115.715000
2015-08-21T00:00:00.000Z,110.43,111.900002,105.650002,105.760002,128275500,114.809286
2015-08-24T00:00:00.000Z,94.870003,108.800003,92,103.120003,162206300,113.986429
2015-08-25T00:00:00.000Z,111.110001,111.110001,103.5,103.739998,103601600,113.153572
2015-08-26T00:00:00.000Z,107.089996,109.889999,105.050003,109.690002,96774600,112.765001
2015-08-27T00:00:00.000Z,112.230003,113.239998,110.019997,112.919998,84616100,112.579286
2015-08-28T00:00:00.000Z,112.169998,113.309998,111.540001,113.290001,53164400,112.120001
2015-08-31T00:00:00.000Z,112.029999,114.529999,112,112.760002,56229300,112.067858
2015-09-01T00:00:00.000Z,110.150002,111.879997,107.360001,107.720001,76845900,111.530715
2015-09-02T00:00:00.000Z,110.230003,112.339996,109.129997,112.339996,61888800,111.330001
2015-09-03T00:00:00.000Z,112.489998,112.779999,110.040001,110.370003,53233900,110.930715
2015-09-04T00:00:00.000Z,108.970001,110.449997,108.510002,109.269997,49996300,110.367143
2015-09-08T00:00:00.000Z,111.75,112.559998,110.32,112.309998,54843600,110.067858
2015-09-09T00:00:00.000Z,113.760002,114.019997,109.769997,110.150002,85010800,109.720715
2015-09-10T00:00:00.000Z,110.269997,113.279999,109.900002,112.57,62892800,109.715000
2015-09-11T00:00:00.000Z,111.790001,114.209999,111.760002,114.209999,49915500,110.318571
2015-09-14T00:00:00.000Z,116.580002,116.889999,114.860001,115.309998,58363400,111.189285
2015-09-15T00:00:00.000Z,115.93,116.529999,114.419998,116.279999,43341200,112.085000
2015-09-16T00:00:00.000Z,116.25,116.540001,115.440002,116.410004,37173500,112.565000
2015-09-17T00:00:00.000Z,115.660004,116.489998,113.720001,113.919998,64112600,112.636428
2015-09-18T00:00:00.000Z,112.209999,114.300003,111.870003,113.449997,74285300,112.647857
2015-09-21T00:00:00.000Z,113.669998,115.370003,113.660004,115.209999,50222000,112.822857
2015-09-22T00:00:00.000Z,113.379997,114.18,112.519997,113.400002,50346200,113.228571
2015-09-23T00:00:00.000Z,113.629997,114.720001,113.300003,114.32,35756700,113.370000
2015-09-24T00:00:00.000Z,113.25,115.5,112.370003,115,50219500,113.700714
2015-09-25T00:00:00.000Z,116.440002,116.690002,114.019997,114.709999,56151900,114.089285
2015-09-28T00:00:00.000Z,113.849998,114.57,112.440002,112.440002,52109000,114.098571
2015-09-29T00:00:00.000Z,112.830002,113.510002,107.860001,109.059998,73365400,114.020714
2015-09-30T00:00:00.000Z,110.169998,111.540001,108.730003,110.300003,66473000,113.858571
2015-10-01T00:00:00.000Z,109.07,109.620003,107.309998,109.580002,63929100,113.527857
2015-10-02T00:00:00.000Z,108.010002,111.010002,107.550003,110.379997,58019800,113.175714
2015-10-05T00:00:00.000Z,109.879997,111.370003,109.07,110.779999,52064700,112.782857
2015-10-06T00:00:00.000Z,110.629997,111.739998,109.769997,111.309998,48196800,112.418571
2015-10-07T00:00:00.000Z,111.739998,111.769997,109.410004,110.779999,46765600,112.194285
2015-10-08T00:00:00.000Z,110.190002,110.190002,108.209999,109.5,61979600,111.912143
2015-10-09T00:00:00.000Z,110,112.279999,109.489998,112.120003,52766100,111.691429
2015-10-12T00:00:00.000Z,112.730003,112.75,111.440002,111.599998,30467200,111.562857
2015-10-13T00:00:00.000Z,110.82,112.449997,110.68,111.790001,33049300,111.382143
2015-10-14T00:00:00.000Z,111.290001,111.519997,109.559998,110.209999,44462400,111.040000
2015-10-15T00:00:00.000Z,110.93,112.099998,110.489998,111.860001,37673500,110.836429
2015-10-16T00:00:00.000Z,111.779999,112,110.529999,111.040001,39232600,110.736429
2015-10-19T00:00:00.000Z,110.800003,111.75,110.110001,111.730003,29759200,110.927143
2015-10-20T00:00:00.000Z,111.339996,114.169998,110.82,113.769997,48778800,111.175000
2015-10-21T00:00:00.000Z,114,115.580002,113.699997,113.760002,41795200,111.473571
2015-10-22T00:00:00.000Z,114.330002,115.5,114.099998,115.5,41654100,111.839286
2015-10-23T00:00:00.000Z,116.699997,119.230003,116.330002,119.080002,59366900,112.432143
2015-10-26T00:00:00.000Z,118.080002,118.129997,114.919998,115.279999,66333800,112.715715
2015-10-27T00:00:00.000Z,115.400002,116.540001,113.989998,114.550003,69884400,112.985001
2015-10-28T00:00:00.000Z,116.93,119.300003,116.059998,119.269997,85551400,113.682858
2015-10-29T00:00:00.000Z,118.699997,120.690002,118.269997,120.529999,51227300,114.283572
2015-10-30T00:00:00.000Z,120.989998,121.220001,119.449997,119.5,49365300,114.847857
2015-11-02T00:00:00.000Z,120.800003,121.360001,119.610001,121.18,32203300,115.518572
2015-11-03T00:00:00.000Z,120.790001,123.489998,120.699997,122.57,45519000,116.401429
2015-11-04T00:00:00.000Z,123.129997,123.82,121.620003,122,44886100,117.125715
2015-11-05T00:00:00.000Z,121.849998,122.690002,120.18,120.919998,39552700,117.831429
2015-11-06T00:00:00.000Z,121.110001,121.809998,120.620003,121.059998,33042300,118.497857
2015-11-09T00:00:00.000Z,120.959999,121.809998,120.050003,120.57,33871400,118.983571
2015-11-10T00:00:00.000Z,116.900002,118.07,116.059998,116.769997,59127900,119.198571
2015-11-11T00:00:00.000Z,116.370003,117.419998,115.209999,116.110001,45218000,119.242142
2015-11-12T00:00:00.000Z,116.260002,116.82,115.650002,115.720001,32525600,119.002142
2015-11-13T00:00:00.000Z,115.199997,115.57,112.269997,112.339996,45812400,118.792142
2015-11-16T00:00:00.000Z,111.379997,114.239998,111,114.18,38106700,118.765713
2015-11-17T00:00:00.000Z,114.919998,115.050003,113.32,113.690002,27616900,118.367142
2015-11-18T00:00:00.000Z,115.760002,117.489998,115.5,117.290001,46674700,118.135714
2015-11-19T00:00:00.000Z,117.639999,119.75,116.760002,118.779999,43295800,118.084285
2015-11-20T00:00:00.000Z,119.199997,119.919998,118.849998,119.300003,34287100,117.950000
2015-11-23T00:00:00.000Z,119.269997,119.730003,117.339996,117.75,32482500,117.605714
2015-11-24T00:00:00.000Z,117.330002,119.349998,117.120003,118.879997,42803200,117.382857
2015-11-25T00:00:00.000Z,119.209999,119.230003,117.919998,118.029999,21388300,117.176428
2015-11-27T00:00:00.000Z,118.290001,118.410004,117.599998,117.809998,13046400,116.944285
2015-11-30T00:00:00.000Z,117.989998,119.410004,117.75,118.300003,39180300,116.782143
2015-12-01T00:00:00.000Z,118.75,118.809998,116.860001,117.339996,34852400,116.822857
2015-12-02T00:00:00.000Z,117.339996,118.110001,116.080002,116.279999,33386600,116.835000
2015-12-03T00:00:00.000Z,116.550003,116.790001,114.220001,115.199997,41569500,116.797856
2015-12-04T00:00:00.000Z,115.290001,119.25,115.110001,119.029999,57777000,117.275714
2015-12-07T00:00:00.000Z,118.980003,119.860001,117.809998,118.279999,32084200,117.568571
2015-12-08T00:00:00.000Z,117.519997,118.599998,116.860001,118.230003,34309500,117.892857
2015-12-09T00:00:00.000Z,117.639999,117.690002,115.080002,115.620003,46361400,117.773571
2015-12-10T00:00:00.000Z,116.040001,116.940002,115.510002,116.169998,29104200,117.587142
2015-12-11T00:00:00.000Z,115.190002,115.389999,112.849998,113.18,46886200,117.149999
2015-12-14T00:00:00.000Z,112.18,112.68,109.790001,112.480003,64318700,116.773571
2015-12-15T00:00:00.000Z,111.940002,112.800003,110.349998,110.489998,53323100,116.174285
2015-12-16T00:00:00.000Z,111.07,111.989998,108.800003,111.339996,56238500,115.696428
2015-12-17T00:00:00.000Z,112.019997,112.25,108.980003,108.980003,44772800,115.065714
2015-12-18T00:00:00.000Z,108.910004,109.519997,105.809998,106.029999,96453300,114.189285
2015-12-21T00:00:00.000Z,107.279999,107.370003,105.57,107.330002,47590600,113.474286
2015-12-22T00:00:00.000Z,107.400002,107.720001,106.449997,107.230003,32789400,112.827857
2015-12-23T00:00:00.000Z,107.269997,108.849998,107.199997,108.610001,32657400,112.357143
2015-12-24T00:00:00.000Z,109,109,107.949997,108.029999,13570400,111.571429
2015-12-28T00:00:00.000Z,107.589996,107.690002,106.18,106.82,26704200,110.752858
2015-12-29T00:00:00.000Z,106.959999,109.43,106.860001,108.739998,30931200,110.075000
2015-12-30T00:00:00.000Z,108.580002,108.699997,107.18,107.32,25213800,109.482143
2015-12-31T00:00:00.000Z,107.010002,107.029999,104.82,105.260002,40635300,108.702857
2016-01-04T00:00:00.000Z,102.610001,105.370003,102,105.349998,67649400,108.143572
2016-01-05T00:00:00.000Z,105.75,105.849998,102.410004,102.709999,55791000,107.445714
2016-01-06T00:00:00.000Z,100.559998,102.370003,99.870003,100.699997,68457400,106.746428
2016-01-07T00:00:00.000Z,98.68,100.129997,96.43,96.449997,81094400,105.682857
2016-01-08T00:00:00.000Z,98.550003,99.110001,96.760002,96.959999,70798000,104.824285
2016-01-11T00:00:00.000Z,98.970001,99.059998,97.339996,98.529999,49739400,104.288571
2016-01-12T00:00:00.000Z,100.550003,100.690002,98.839996,99.959999,49154200,103.762142
2016-01-13T00:00:00.000Z,100.32,101.190002,97.300003,97.389999,62439600,103.059285
2016-01-14T00:00:00.000Z,97.959999,100.480003,95.739998,99.519997,63170100,102.409999
2016-01-15T00:00:00.000Z,96.199997,97.709999,95.360001,97.129997,79010000,101.631427
2016-01-19T00:00:00.000Z,98.410004,98.650002,95.5,96.660004,53087700,100.905713
2016-01-20T00:00:00.000Z,95.099998,98.190002,93.419998,96.790001,72334400,100.052142
2016-01-21T00:00:00.000Z,97.059998,97.879997,94.940002,96.300003,52161500,99.264999
2016-01-22T00:00:00.000Z,98.629997,101.459999,98.370003,101.419998,65800500,98.990713
2016-01-25T00:00:00.000Z,101.519997,101.529999,99.209999,99.440002,51794500,98.568571
2016-01-26T00:00:00.000Z,99.93,100.879997,98.07,99.989998,75077000,98.374285
2016-01-27T00:00:00.000Z,96.040001,96.629997,93.339996,93.419998,133369700,97.854285
2016-01-28T00:00:00.000Z,93.790001,94.519997,92.389999,94.089996,55678800,97.685714
2016-01-29T00:00:00.000Z,94.790001,97.339996,94.349998,97.339996,64416500,97.712856
2016-02-01T00:00:00.000Z,96.470001,96.709999,95.400002,96.43,40943500,97.562856
2016-02-02T00:00:00.000Z,95.419998,96.040001,94.279999,94.480003,37357200,97.171428
2016-02-03T00:00:00.000Z,95,96.839996,94.080002,96.349998,45964300,97.097142
2016-02-04T00:00:00.000Z,95.860001,97.330002,95.190002,96.599998,46471700,96.888571
2016-02-05T00:00:00.000Z,96.519997,96.919998,93.690002,94.019997,46418100,96.666428
2016-02-08T00:00:00.000Z,93.129997,95.699997,93.040001,95.010002,54021400,96.548571
2016-02-09T00:00:00.000Z,94.290001,95.940002,93.93,94.989998,44331200,96.419999
2016-02-10T00:00:00.000Z,95.919998,96.349998,94.099998,94.269997,42343600,96.274999
2016-02-11T00:00:00.000Z,93.790001,94.720001,92.589996,93.699997,50074700,95.723570
2016-02-12T00:00:00.000Z,94.190002,94.5,93.010002,93.989998,40351400,95.334284
2016-02-16T00:00:00.000Z,95.019997,96.849998,94.610001,96.639999,49057900,95.094998
2016-02-17T00:00:00.000Z,96.669998,98.209999,96.150002,98.120003,44863200,95.430713
2016-02-18T00:00:00.000Z,98.839996,98.889999,96.089996,96.260002,39021000,95.585713
2016-02-19T00:00:00.000Z,96,96.760002,95.800003,96.040001,35374200,95.492857
2016-02-22T00:00:00.000Z,96.309998,96.900002,95.919998,96.879997,34280800,95.524999
2016-02-23T00:00:00.000Z,96.400002,96.5,94.550003,94.690002,31942600,95.539999
2016-02-24T00:00:00.000Z,93.980003,96.379997,93.32,96.099998,36255700,95.522142
2016-02-25T00:00:00.000Z,96.050003,96.760002,95.25,96.760002,27582700,95.533571
2016-02-26T00:00:00.000Z,97.199997,98.019997,96.580002,96.910004,28991100,95.740000
2016-02-29T00:00:00.000Z,96.860001,98.230003,96.650002,96.690002,35216300,95.860000
2016-03-01T00:00:00.000Z,97.650002,100.769997,97.419998,100.529999,50407100,96.255714
2016-03-02T00:00:00.000Z,100.510002,100.889999,99.639999,100.75,33169600,96.718572
2016-03-03T00:00:00.000Z,100.580002,101.709999,100.449997,101.5,36955700,97.275715
2016-03-04T00:00:00.000Z,102.370003,103.75,101.370003,103.010002,46055100,97.920001
2016-03-07T00:00:00.000Z,102.389999,102.830002,100.959999,101.870003,35828900,98.293572
2016-03-08T00:00:00.000Z,100.779999,101.760002,100.400002,101.029999,31561900,98.501429
2016-03-09T00:00:00.000Z,101.309998,101.580002,100.269997,101.120003,27201700,98.848572
2016-03-10T00:00:00.000Z,101.410004,102.239998,100.150002,101.169998,33513600,99.215001
2016-03-11T00:00:00.000Z,102.239998,102.279999,101.5,102.260002,27408200,99.599287
2016-03-14T00:00:00.000Z,101.910004,102.910004,101.779999,102.519997,25076100,100.158572
2016-03-15T00:00:00.000Z,103.959999,105.18,103.849998,104.580002,40067700,100.764287
2016-03-16T00:00:00.000Z,104.610001,106.309998,104.589996,105.970001,38303500,101.422144
2016-03-17T00:00:00.000Z,105.519997,106.470001,104.959999,105.800003,34420700,102.057144
2016-03-18T00:00:00.000Z,106.339996,106.5,105.190002,105.919998,44205200,102.716429
2016-03-21T00:00:00.000Z,105.93,107.650002,105.139999,105.910004,35502700,103.100715
2016-03-22T00:00:00.000Z,105.25,107.290001,105.209999,106.720001,32444400,103.527144
2016-03-23T00:00:00.000Z,106.480003,107.07,105.900002,106.129997,25703500,103.857858
2016-03-24T00:00:00.000Z,105.470001,106.25,104.889999,105.669998,26133000,104.047858
2016-03-28T00:00:00.000Z,106,106.190002,105.059998,105.190002,19411400,104.285000
2016-03-29T00:00:00.000Z,104.889999,107.790001,104.879997,107.68,31190100,104.760000
2016-03-30T00:00:00.000Z,108.650002,110.419998,108.599998,109.559998,45601100,105.362857
2016-03-31T00:00:00.000Z,109.720001,109.900002,108.879997,108.989998,25888400,105.921429
2016-04-01T00:00:00.000Z,108.779999,110,108.199997,109.989998,25874000,106.473571
2016-04-04T00:00:00.000Z,110.419998,112.190002,110.269997,111.120003,37356200,107.087857
2016-04-05T00:00:00.000Z,109.510002,110.730003,109.419998,109.809998,26578700,107.461428
2016-04-06T00:00:00.000Z,110.230003,110.980003,109.199997,110.959999,26404100,107.817857
2016-04-07T00:00:00.000Z,109.949997,110.419998,108.120003,108.540001,31801900,108.013571
2016-04-08T00:00:00.000Z,108.910004,109.769997,108.169998,108.660004,23581700,108.209286
2016-04-11T00:00:00.000Z,108.970001,110.610001,108.830002,109.019997,29407500,108.431428
2016-04-12T00:00:00.000Z,109.339996,110.5,108.660004,110.440002,27232300,108.697143
2016-04-13T00:00:00.000Z,110.800003,112.339996,110.800003,112.040001,33257300,109.119286
2016-04-14T00:00:00.000Z,111.620003,112.389999,111.330002,112.099998,25473900,109.578571
2016-04-15T00:00:00.000Z,112.110001,112.300003,109.730003,109.849998,46939000,109.911428
2016-04-18T00:00:00.000Z,108.889999,108.949997,106.940002,107.480003,60834000,109.897143
2016-04-19T00:00:00.000Z,107.879997,108,106.230003,106.910004,32384900,109.707857
2016-04-20T00:00:00.000Z,106.639999,108.089996,106.059998,107.129997,30611000,109.575000
2016-04-21T00:00:00.000Z,106.93,106.93,105.519997,105.970001,31552500,109.287858
2016-04-22T00:00:00.000Z,105.010002,106.480003,104.620003,105.68,33683100,108.899286
2016-04-25T00:00:00.000Z,105,105.650002,104.510002,105.080002,28031600,108.561429
2016-04-26T00:00:00.000Z,103.910004,105.300003,103.910004,104.349998,56016200,108.089286
2016-04-27T00:00:00.000Z,96,98.709999,95.68,97.82,114602100,107.323572
2016-04-28T00:00:00.000Z,97.610001,97.879997,94.25,94.830002,82242700,106.335714
2016-04-29T00:00:00.000Z,93.989998,94.720001,92.510002,93.739998,68531500,105.244286
2016-05-02T00:00:00.000Z,93.970001,94.080002,92.400002,93.639999,48160100,104.044286
2016-05-03T00:00:00.000Z,94.199997,95.739998,93.68,95.18,56831300,102.840000
2016-05-04T00:00:00.000Z,95.199997,95.900002,93.82,94.190002,41025500,101.560715
2016-05-05T00:00:00.000Z,94,94.07,92.68,93.239998,35890500,100.374286
2016-05-06T00:00:00.000Z,93.370003,93.449997,91.849998,92.720001,43458200,99.320000
2016-05-09T00:00:00.000Z,93,93.769997,92.589996,92.790001,32936400,98.311428
2016-05-10T00:00:00.000Z,93.330002,93.57,92.110001,93.419998,33686800,97.332143
2016-05-11T00:00:00.000Z,93.480003,93.57,92.459999,92.510002,28719100,96.370714
2016-05-12T00:00:00.000Z,92.720001,92.779999,89.470001,90.339996,76314700,95.275000
2016-05-13T00:00:00.000Z,90,91.669998,90,90.519997,44392800,94.234999
2016-05-16T00:00:00.000Z,92.389999,94.389999,91.650002,93.879997,61259800,93.487142
2016-05-17T00:00:00.000Z,94.550003,94.699997,93.010002,93.489998,46916900,93.177856
2016-05-18T00:00:00.000Z,94.160004,95.209999,93.889999,94.559998,42062400,93.158570
2016-05-19T00:00:00.000Z,94.639999,94.639999,93.57,94.199997,30442100,93.191427
2016-05-20T00:00:00.000Z,94.639999,95.43,94.519997,95.220001,32026000,93.304285
2016-05-23T00:00:00.000Z,95.870003,97.190002,95.669998,96.43,38018600,93.393570
2016-05-24T00:00:00.000Z,97.220001,98.089996,96.839996,97.900002,35140200,93.658570
2016-05-25T00:00:00.000Z,98.669998,99.739998,98.110001,99.620003,38168800,94.114285
2016-05-26T00:00:00.000Z,99.68,100.730003,98.639999,100.410004,56331200,94.663571
2016-05-27T00:00:00.000Z,99.440002,100.470001,99.25,100.349998,36229500,95.203571
2016-05-31T00:00:00.000Z,99.599998,100.400002,98.82,99.860001,42307200,95.663571
2016-06-01T00:00:00.000Z,99.019997,99.540001,98.330002,98.459999,29173300,96.088571
2016-06-02T00:00:00.000Z,97.599998,97.839996,96.629997,97.720001,40191600,96.615714
2016-06-03T00:00:00.000Z,97.790001,98.269997,97.449997,97.919998,28062900,97.144285
2016-06-06T00:00:00.000Z,97.989998,101.889999,97.550003,98.629997,23292500,97.483571
2016-06-07T00:00:00.000Z,99.25,99.870003,98.959999,99.029999,22409500,97.879286
2016-06-08T00:00:00.000Z,99.019997,99.559998,98.68,98.940002,20848100,98.192143
2016-06-09T00:00:00.000Z,98.5,99.989998,98.459999,99.650002,26601400,98.581429
2016-06-10T00:00:00.000Z,98.529999,99.349998,98.480003,98.830002,31712900,98.839286
2016-06-13T00:00:00.000Z,98.690002,99.120003,97.099998,97.339996,38020500,98.904286
2016-06-14T00:00:00.000Z,97.32,98.480003,96.75,97.459999,31931900,98.872857
2016-06-15T00:00:00.000Z,97.82,98.410004,97.029999,97.139999,29445200,98.695714
2016-06-16T00:00:00.000Z,96.449997,97.75,96.07,97.550003,31326800,98.491428
2016-06-17T00:00:00.000Z,96.620003,96.650002,95.300003,95.330002,61008200,98.132857
2016-06-20T00:00:00.000Z,96,96.57,95.029999,95.099998,34411900,97.792857
2016-06-21T00:00:00.000Z,94.940002,96.349998,94.68,95.910004,35546400,97.610714
2016-06-22T00:00:00.000Z,96.25,96.889999,95.349998,95.550003,29219100,97.455715
2016-06-23T00:00:00.000Z,95.940002,96.290001,95.25,96.099998,32240200,97.325715
2016-06-24T00:00:00.000Z,92.910004,94.660004,92.650002,93.400002,75311400,96.952143
2016-06-27T00:00:00.000Z,93,93.050003,91.5,92.040001,45489600,96.452858
2016-06-28T00:00:00.000Z,92.900002,93.660004,92.139999,93.589996,40444900,96.070715
2016-06-29T00:00:00.000Z,93.970001,94.550003,93.629997,94.400002,36531000,95.695715
2016-06-30T00:00:00.000Z,94.440002,95.769997,94.300003,95.599998,35836400,95.465000
2016-07-01T00:00:00.000Z,95.489998,96.470001,95.330002,95.889999,26026500,95.361429
2016-07-05T00:00:00.000Z,95.389999,95.400002,94.459999,94.989998,27705200,95.185000
2016-07-06T00:00:00.000Z,94.599998,95.660004,94.370003,95.529999,30949100,95.070000
2016-07-07T00:00:00.000Z,95.699997,96.5,95.620003,95.940002,25139600,94.955000
2016-07-08T00:00:00.000Z,96.489998,96.889999,96.050003,96.68,28912100,95.051429
2016-07-11T00:00:00.000Z,96.75,97.650002,96.730003,96.980003,23794900,95.185715
2016-07-12T00:00:00.000Z,97.169998,97.699997,97.120003,97.419998,24167500,95.293571
2016-07-13T00:00:00.000Z,97.410004,97.669998,96.839996,96.870003,25892200,95.387857
2016-07-14T00:00:00.000Z,97.389999,98.989998,97.32,98.790001,38919000,95.580000
2016-07-15T00:00:00.000Z,98.919998,99.300003,98.5,98.779999,30137000,95.964286
2016-07-18T00:00:00.000Z,98.699997,100.129997,98.599998,99.830002,36493900,96.520714
2016-07-19T00:00:00.000Z,99.559998,100,99.339996,99.870003,23779900,96.969286
2016-07-20T00:00:00.000Z,100,100.459999,99.739998,99.959999,26276000,97.366429
2016-07-21T00:00:00.000Z,99.830002,101,99.129997,99.43,32702000,97.640000
2016-07-22T00:00:00.000Z,99.260002,99.300003,98.309998,98.660004,28313700,97.837858
2016-07-25T00:00:00.000Z,98.25,98.839996,96.919998,97.339996,40382900,98.005715
2016-07-26T00:00:00.000Z,96.82,97.970001,96.419998,96.669998,56239800,98.087143
2016-07-27T00:00:00.000Z,104.269997,104.349998,102.75,102.949997,92344800,98.587857
2016-07-28T00:00:00.000Z,102.830002,104.449997,102.82,104.339996,39869800,99.135000
2016-07-29T00:00:00.000Z,104.190002,104.550003,103.68,104.209999,27733700,99.651428
2016-08-01T00:00:00.000Z,104.410004,106.150002,104.410004,106.050003,38167900,100.267857
2016-08-02T00:00:00.000Z,106.050003,106.07,104,104.480003,33816600,100.811429
2016-08-03T00:00:00.000Z,104.809998,105.839996,104.769997,105.790001,30202600,101.311429
2016-08-04T00:00:00.000Z,105.580002,106,105.279999,105.870003,27408700,101.817857
2016-08-05T00:00:00.000Z,106.269997,107.650002,106.18,107.480003,40553400,102.364286
2016-08-08T00:00:00.000Z,107.519997,108.370003,107.160004,108.370003,28037200,102.971429
2016-08-09T00:00:00.000Z,108.230003,108.940002,108.010002,108.809998,26315200,103.603572
2016-08-10T00:00:00.000Z,108.709999,108.900002,107.760002,108,24008500,104.215715
2016-08-11T00:00:00.000Z,108.519997,108.93,107.849998,107.93,27484500,104.877857
2016-08-12T00:00:00.000Z,107.779999,108.440002,107.779999,108.18,18660400,105.652143
2016-08-15T00:00:00.000Z,108.139999,109.540001,108.080002,109.480003,25868200,106.567143
2016-08-16T00:00:00.000Z,109.629997,110.230003,109.209999,109.379997,33794400,107.026429
2016-08-17T00:00:00.000Z,109.099998,109.370003,108.339996,109.220001,25356000,107.375001
2016-08-18T00:00:00.000Z,109.230003,109.599998,109.019997,109.080002,21984700,107.722858
2016-08-19T00:00:00.000Z,108.769997,109.690002,108.360001,109.360001,25368100,107.959287
2016-08-22T00:00:00.000Z,108.860001,109.099998,107.849998,108.510002,25820200,108.247144
2016-08-23T00:00:00.000Z,108.589996,109.32,108.529999,108.849998,21257700,108.465715
2016-08-24T00:00:00.000Z,108.57,108.75,107.68,108.029999,23675100,108.620000
2016-08-25T00:00:00.000Z,107.389999,107.879997,106.68,107.57,25086200,108.626429
2016-08-26T00:00:00.000Z,107.410004,107.949997,106.309998,106.940002,27766300,108.524286
2016-08-29T00:00:00.000Z,106.620003,107.440002,106.290001,106.82,24970300,108.382143
2016-08-30T00:00:00.000Z,105.800003,106.5,105.5,106,24863900,108.239286
2016-08-31T00:00:00.000Z,105.660004,106.57,105.639999,106.099998,29662400,108.108572
2016-09-01T00:00:00.000Z,106.139999,106.800003,105.620003,106.730003,26701500,108.005000
2016-09-02T00:00:00.000Z,107.699997,108,106.82,107.730003,26802500,107.880000
2016-09-06T00:00:00.000Z,107.900002,108.300003,107.510002,107.699997,26880400,107.760000
2016-09-07T00:00:00.000Z,107.830002,108.760002,107.07,108.360001,42364300,107.698572
2016-09-08T00:00:00.000Z,107.25,107.269997,105.239998,105.519997,53002000,107.444286
2016-09-09T00:00:00.000Z,104.639999,105.720001,103.129997,103.129997,46557000,106.999285
2016-09-12T00:00:00.000Z,102.650002,105.720001,102.529999,105.440002,45292800,106.780000
2016-09-13T00:00:00.000Z,107.510002,108.790001,107.239998,107.949997,62176200,106.715714
2016-09-14T00:00:00.000Z,108.730003,113.029999,108.599998,111.769997,110888700,106.982857
2016-09-15T00:00:00.000Z,113.860001,115.730003,113.489998,115.57,89983600,107.554285
2016-09-16T00:00:00.000Z,115.120003,116.129997,114.040001,114.919998,79886900,108.124285
2016-09-19T00:00:00.000Z,115.190002,116.18,113.25,113.580002,47023000,108.607142
2016-09-20T00:00:00.000Z,113.050003,114.120003,112.510002,113.57,34514300,109.147857
2016-09-21T00:00:00.000Z,113.849998,113.989998,112.440002,113.550003,36003200,109.680000
2016-09-22T00:00:00.000Z,114.349998,114.940002,114,114.620003,31074000,110.243571
2016-09-23T00:00:00.000Z,114.419998,114.790001,111.550003,112.709999,52481200,110.599285
2016-09-26T00:00:00.000Z,111.639999,113.389999,111.550003,112.879997,29869400,110.969285
2016-09-27T00:00:00.000Z,113,113.18,112.339996,113.089996,24607400,111.307142
2016-09-28T00:00:00.000Z,113.690002,114.639999,113.43,113.949997,29641100,111.909285
2016-09-29T00:00:00.000Z,113.160004,113.800003,111.800003,112.18,35887000,112.555714
2016-09-30T00:00:00.000Z,112.459999,113.370003,111.800003,113.050003,36379100,113.099285
2016-10-03T00:00:00.000Z,112.709999,113.050003,112.279999,112.519997,21701800,113.425714
2016-10-04T00:00:00.000Z,113.059998,114.309998,112.629997,113,29736800,113.513571
2016-10-05T00:00:00.000Z,113.400002,113.660004,112.690002,113.050003,21453100,113.333571
2016-10-06T00:00:00.000Z,113.699997,114.339996,113.129997,113.889999,28779300,113.260000
2016-10-07T00:00:00.000Z,114.309998,114.559998,113.510002,114.059998,24358400,113.294285
2016-10-10T00:00:00.000Z,115.019997,116.75,114.720001,116.050003,36236000,113.471428
2016-10-11T00:00:00.000Z,117.699997,118.690002,116.199997,116.300003,64041000,113.667857
2016-10-12T00:00:00.000Z,117.349998,117.980003,116.75,117.339996,37586800,113.862142
2016-10-13T00:00:00.000Z,116.790001,117.440002,115.720001,116.980003,35192400,114.167143
2016-10-14T00:00:00.000Z,117.879997,118.169998,117.129997,117.629997,35652200,114.506428
2016-10-17T00:00:00.000Z,117.330002,117.839996,116.779999,117.550003,23624900,114.825000
2016-10-18T00:00:00.000Z,118.18,118.209999,117.449997,117.470001,24553500,115.076429
2016-10-19T00:00:00.000Z,117.25,117.760002,113.800003,117.120003,20034600,115.429286
2016-10-20T00:00:00.000Z,116.860001,117.379997,116.330002,117.059998,24125800,115.715715
2016-10-21T00:00:00.000Z,116.809998,116.910004,116.279999,116.599998,23192700,116.007143
2016-10-24T00:00:00.000Z,117.099998,117.739998,117,117.650002,23538700,116.339286
2016-10-25T00:00:00.000Z,117.949997,118.360001,117.309998,118.25,48129000,116.710715
2016-10-26T00:00:00.000Z,114.309998,115.699997,113.309998,115.589996,66134200,116.832143
2016-10-27T00:00:00.000Z,115.389999,115.860001,114.099998,114.480003,34562000,116.862143
2016-10-28T00:00:00.000Z,113.870003,115.209999,113.449997,113.720001,37861700,116.695715
2016-10-31T00:00:00.000Z,113.650002,114.230003,113.199997,113.540001,26419400,116.498572
2016-11-01T00:00:00.000Z,113.459999,113.769997,110.529999,111.489998,43825800,116.080715
2016-11-02T00:00:00.000Z,111.400002,112.349998,111.230003,111.589996,28331700,115.695714
2016-11-03T00:00:00.000Z,110.980003,111.459999,109.550003,109.830002,26932600,115.138572
2016-11-04T00:00:00.000Z,108.529999,110.25,108.110001,108.839996,30837000,114.516428
2016-11-07T00:00:00.000Z,110.080002,110.510002,109.459999,110.410004,32560000,114.012143
2016-11-08T00:00:00.000Z,110.309998,111.720001,109.699997,111.059998,24054500,113.579285
2016-11-09T00:00:00.000Z,109.879997,111.32,108.050003,110.879997,59176400,113.137857
2016-11-10T00:00:00.000Z,111.089996,111.089996,105.830002,107.790001,57134500,112.508571
2016-11-11T00:00:00.000Z,107.120003,108.870003,106.550003,108.43,34143900,111.849999
2016-11-14T00:00:00.000Z,107.709999,107.809998,104.080002,105.709999,51175500,110.954285
2016-11-15T00:00:00.000Z,106.57,107.68,106.160004,107.110001,32264500,110.348571
2016-11-16T00:00:00.000Z,106.699997,110.230003,106.599998,109.989998,58840500,110.027857
2016-11-17T00:00:00.000Z,109.809998,110.349998,108.830002,109.949997,27632000,109.758571
2016-11-18T00:00:00.000Z,109.720001,110.540001,109.660004,110.059998,28428900,109.509999
2016-11-21T00:00:00.000Z,110.120003,111.989998,110.010002,111.730003,29264600,109.527142
2016-11-22T00:00:00.000Z,111.949997,112.419998,111.400002,111.800003,25965500,109.542143
2016-11-23T00:00:00.000Z,111.360001,111.510002,110.330002,111.230003,27426400,109.642143
2016-11-25T00:00:00.000Z,111.129997,111.870003,110.949997,111.790001,11475900,109.852857
2016-11-28T00:00:00.000Z,111.43,112.470001,111.389999,111.57,27194000,109.935714
2016-11-29T00:00:00.000Z,110.779999,112.029999,110.07,111.459999,28528800,109.964286
2016-11-30T00:00:00.000Z,111.599998,112.199997,110.269997,110.519997,36162300,109.938571
2016-12-01T00:00:00.000Z,110.370003,110.940002,109.029999,109.489998,37086900,110.060000
2016-12-02T00:00:00.000Z,109.169998,110.089996,108.849998,109.900002,26528000,110.165000
2016-12-05T00:00:00.000Z,110,110.029999,108.25,109.110001,34324500,110.407857
2016-12-06T00:00:00.000Z,109.5,110.360001,109.190002,109.949997,26195500,110.610714
2016-12-07T00:00:00.000Z,109.260002,111.190002,109.160004,111.029999,29998700,110.685000
2016-12-08T00:00:00.000Z,110.860001,112.43,110.599998,112.120003,27068300,110.840000
2016-12-09T00:00:00.000Z,112.309998,114.699997,112.309998,113.949997,34402600,111.117857
2016-12-12T00:00:00.000Z,113.290001,115,112.489998,113.300003,26374400,111.230000
2016-12-13T00:00:00.000Z,113.839996,115.919998,113.75,115.190002,43733800,111.472143
2016-12-14T00:00:00.000Z,115.040001,116.199997,114.980003,115.190002,34031800,111.755000
2016-12-15T00:00:00.000Z,115.379997,116.730003,115.230003,115.82,46524500,112.042857
2016-12-16T00:00:00.000Z,116.470001,116.5,115.650002,115.970001,44351100,112.357143
2016-12-19T00:00:00.000Z,115.800003,117.379997,115.75,116.639999,27779400,112.727143
2016-12-20T00:00:00.000Z,116.739998,117.5,116.68,116.949997,21425000,113.186429
2016-12-21T00:00:00.000Z,116.800003,117.400002,116.779999,117.059998,23783200,113.727143
2016-12-22T00:00:00.000Z,116.349998,116.510002,115.639999,116.290001,26085900,114.183571
2016-12-23T00:00:00.000Z,115.589996,116.519997,115.589996,116.519997,14249500,114.712857
2016-12-27T00:00:00.000Z,116.519997,117.800003,116.489998,117.260002,18296900,115.235000
2016-12-28T00:00:00.000Z,117.519997,118.019997,116.199997,116.760002,20905900,115.644286
2016-12-29T00:00:00.000Z,116.449997,117.110001,116.400002,116.730003,15039500,115.973572
2016-12-30T00:00:00.000Z,116.650002,117.199997,115.43,115.82,30586300,116.107143
2017-01-03T00:00:00.000Z,115.800003,116.330002,114.760002,116.150002,28781900,116.310715
2017-01-04T00:00:00.000Z,115.849998,116.510002,115.75,116.019997,21118100,116.370000
2017-01-05T00:00:00.000Z,115.919998,116.860001,115.809998,116.610001,22193600,116.471429
2017-01-06T00:00:00.000Z,116.779999,118.160004,116.470001,117.910004,31751900,116.620715
2017-01-09T00:00:00.000Z,117.949997,119.43,117.940002,118.989998,33387600,116.836429
2017-01-10T00:00:00.000Z,118.769997,119.379997,118.300003,119.110001,24462100,117.012857
2017-01-11T00:00:00.000Z,118.739998,119.93,118.599998,119.75,27588600,117.212858
2017-01-12T00:00:00.000Z,118.900002,119.300003,118.209999,119.25,27086200,117.369286
2017-01-13T00:00:00.000Z,119.110001,119.620003,118.809998,119.040001,26111900,117.565715
2017-01-17T00:00:00.000Z,118.339996,120.239998,118.220001,120,34439800,117.814287
2017-01-18T00:00:00.000Z,120,120.5,119.709999,119.989998,23713000,118.009286
2017-01-19T00:00:00.000Z,119.400002,120.089996,119.370003,119.779999,25597300,118.225000
2017-01-20T00:00:00.000Z,120.449997,120.449997,119.730003,120,32597900,118.458572
2017-01-23T00:00:00.000Z,120,120.809998,119.769997,120.080002,22050200,118.762857
2017-01-24T00:00:00.000Z,119.550003,120.099998,119.5,119.970001,23211000,119.035714
2017-01-25T00:00:00.000Z,120.419998,122.099998,120.279999,121.879997,32377600,119.454286
2017-01-26T00:00:00.000Z,121.669998,122.440002,121.599998,121.940002,26337600,119.835000
2017-01-27T00:00:00.000Z,122.139999,122.349998,121.599998,121.949997,20562900,120.123571
2017-01-30T00:00:00.000Z,120.93,121.629997,120.660004,121.629997,30377500,120.312143
2017-01-31T00:00:00.000Z,121.150002,121.389999,120.620003,121.349998,49201000,120.472142
2017-02-01T00:00:00.000Z,127.029999,130.490005,127.010002,128.75,111985000,121.114999
2017-02-02T00:00:00.000Z,127.980003,129.389999,127.779999,128.529999,33710400,121.777857
2017-02-03T00:00:00.000Z,128.309998,129.190002,128.160004,129.080002,24507300,122.494999
2017-02-06T00:00:00.000Z,129.130005,130.5,128.899994,130.289993,26845900,123.229999
2017-02-07T00:00:00.000Z,130.539993,132.089996,130.449997,131.529999,38183800,124.054285
2017-02-08T00:00:00.000Z,131.350006,132.220001,131.220001,132.039993,23004100,124.929999
2017-02-09T00:00:00.000Z,131.649994,132.449997,131.119995,132.419998,28349900,125.817141
2017-02-10T00:00:00.000Z,132.460007,132.940002,132.050003,132.119995,20065500,126.677141
2017-02-13T00:00:00.000Z,133.080002,133.820007,132.75,133.289993,23035400,127.628569
2017-02-14T00:00:00.000Z,133.470001,135.089996,133.25,135.020004,32815500,128.567141
2017-02-15T00:00:00.000Z,135.520004,136.270004,134.619995,135.509995,35501600,129.536426
2017-02-16T00:00:00.000Z,135.669998,135.899994,134.839996,135.350006,22118000,130.493569