Trade #,Type,Signal,Date/Time,Price,Contracts,Profit,Profit %,Cum. Profit
1,Entry Long,Long,N/A,127.8300,100,0.00,0.00,0.00
1,Exit Long,Close Long,2015-02-17T00:00:00.000Z,127.8300,100,0.00,0.00,0.00
2,Entry Long,Long,N/A,128.7200,100,0.00,0.00,0.00
2,Exit Long,Close Long,2015-02-18T00:00:00.000Z,128.7200,100,0.00,0.00,0.00
3,Entry Long,Long,N/A,128.4500,100,0.00,0.00,0.00
3,Exit Long,Close Long,2015-02-19T00:00:00.000Z,128.4500,100,0.00,0.00,0.00
4,Entry Long,Long,N/A,129.5000,100,0.00,0.00,0.00
4,Exit Long,Close Long,2015-02-20T00:00:00.000Z,129.5000,100,0.00,0.00,0.00
5,Entry Long,Long,N/A,133.0000,100,0.00,0.00,0.00
5,Exit Long,Close Long,2015-02-23T00:00:00.000Z,133.0000,100,0.00,0.00,0.00
6,Entry Long,Long,N/A,132.1700,100,0.00,0.00,0.00
6,Exit Long,Close Long,2015-02-24T00:00:00.000Z,132.1700,100,0.00,0.00,0.00
7,Entry Long,Long,N/A,128.7900,100,0.00,0.00,0.00
7,Exit Long,Close Long,2015-02-25T00:00:00.000Z,128.7900,100,0.00,0.00,0.00
8,Entry Long,Long,N/A,130.4200,100,0.00,0.00,0.00
8,Exit Long,Close Long,2015-02-26T00:00:00.000Z,130.4200,100,0.00,0.00,0.00
9,Entry Long,Long,N/A,128.4600,100,0.00,0.00,0.00
9,Exit Long,Close Long,2015-02-27T00:00:00.000Z,128.4600,100,0.00,0.00,0.00
10,Entry Long,Long,N/A,129.0900,100,0.00,0.00,0.00
10,Exit Long,Close Long,2015-03-02T00:00:00.000Z,129.0900,100,0.00,0.00,0.00
11,Entry Long,Long,N/A,129.3600,100,0.00,0.00,0.00
11,Exit Long,Close Long,2015-03-03T00:00:00.000Z,129.3600,100,0.00,0.00,0.00
12,Entry Long,Long,N/A,128.5400,100,0.00,0.00,0.00
12,Exit Long,Close Long,2015-03-04T00:00:00.000Z,128.5400,100,0.00,0.00,0.00
13,Entry Long,Long,N/A,126.4100,100,0.00,0.00,0.00
13,Exit Long,Close Long,2015-03-05T00:00:00.000Z,126.4100,100,-0.00,-0.00,0.00
14,Entry Long,Long,N/A,126.6000,100,0.00,0.00,0.00
14,Exit Long,Close Long,2015-03-06T00:00:00.000Z,126.6000,100,0.00,0.00,0.00
15,Entry Long,Long,N/A,127.1400,100,0.00,0.00,0.00
15,Exit Long,Close Long,2015-03-09T00:00:00.000Z,127.1400,100,0.00,0.00,0.00
16,Entry Long,Long,N/A,124.5100,100,0.00,0.00,0.00
16,Exit Long,Close Long,2015-03-10T00:00:00.000Z,124.5100,100,0.00,0.00,0.00
17,Entry Long,Long,N/A,122.2400,100,0.00,0.00,0.00
17,Exit Long,Close Long,2015-03-11T00:00:00.000Z,122.2400,100,0.00,0.00,0.00
18,Entry Long,Long,N/A,124.4500,100,0.00,0.00,0.00
18,Exit Long,Close Long,2015-03-12T00:00:00.000Z,124.4500,100,0.00,0.00,0.00
19,Entry Long,Long,N/A,123.5900,100,0.00,0.00,0.00
19,Exit Long,Close Long,2015-03-13T00:00:00.000Z,123.5900,100,0.00,0.00,0.00
20,Entry Long,Long,N/A,124.9500,100,0.00,0.00,0.00
20,Exit Long,Close Long,2015-03-16T00:00:00.000Z,124.9500,100,0.00,0.00,0.00
21,Entry Long,Long,N/A,127.0400,100,0.00,0.00,0.00
21,Exit Long,Close Long,2015-03-17T00:00:00.000Z,127.0400,100,-0.00,-0.00,0.00
22,Entry Long,Long,N/A,128.4700,100,0.00,0.00,0.00
22,Exit Long,Close Long,2015-03-18T00:00:00.000Z,128.4700,100,0.00,0.00,0.00
23,Entry Long,Long,N/A,127.5000,100,0.00,0.00,0.00
23,Exit Long,Close Long,2015-03-19T00:00:00.000Z,127.5000,100,0.00,0.00,0.00
24,Entry Long,Long,N/A,125.9000,100,0.00,0.00,0.00
24,Exit Long,Close Long,2015-03-20T00:00:00.000Z,125.9000,100,0.00,0.00,0.00
25,Entry Long,Long,N/A,127.2100,100,0.00,0.00,0.00
25,Exit Long,Close Long,2015-03-23T00:00:00.000Z,127.2100,100,0.00,0.00,0.00
26,Entry Long,Long,N/A,126.6900,100,0.00,0.00,0.00
26,Exit Long,Close Long,2015-03-24T00:00:00.000Z,126.6900,100,0.00,0.00,0.00
27,Entry Long,Long,N/A,123.3800,100,0.00,0.00,0.00
27,Exit Long,Close Long,2015-03-25T00:00:00.000Z,123.3800,100,0.00,0.00,0.00
28,Entry Long,Long,N/A,124.2400,100,0.00,0.00,0.00
28,Exit Long,Close Long,2015-03-26T00:00:00.000Z,124.2400,100,0.00,0.00,0.00
29,Entry Long,Long,N/A,123.2500,100,0.00,0.00,0.00
29,Exit Long,Close Long,2015-03-27T00:00:00.000Z,123.2500,100,0.00,0.00,0.00
30,Entry Long,Long,N/A,126.3700,100,0.00,0.00,0.00
30,Exit Long,Close Long,2015-03-30T00:00:00.000Z,126.3700,100,0.00,0.00,0.00
31,Entry Long,Long,N/A,124.4300,100,0.00,0.00,0.00
31,Exit Long,Close Long,2015-03-31T00:00:00.000Z,124.4300,100,0.00,0.00,0.00
32,Entry Long,Long,N/A,124.2500,100,0.00,0.00,0.00
32,Exit Long,Close Long,2015-04-01T00:00:00.000Z,124.2500,100,0.00,0.00,0.00
33,Entry Long,Long,N/A,125.3200,100,0.00,0.00,0.00
33,Exit Long,Close Long,2015-04-02T00:00:00.000Z,125.3200,100,0.00,0.00,0.00
34,Entry Long,Long,N/A,127.3500,100,0.00,0.00,0.00
34,Exit Long,Close Long,2015-04-06T00:00:00.000Z,127.3500,100,0.00,0.00,0.00
35,Entry Long,Long,N/A,126.0100,100,0.00,0.00,0.00
35,Exit Long,Close Long,2015-04-07T00:00:00.000Z,126.0100,100,0.00,0.00,0.00
36,Entry Long,Long,N/A,125.6000,100,0.00,0.00,0.00
36,Exit Long,Close Long,2015-04-08T00:00:00.000Z,125.6000,100,0.00,0.00,0.00
37,Entry Long,Long,N/A,126.5600,100,0.00,0.00,0.00
37,Exit Long,Close Long,2015-04-09T00:00:00.000Z,126.5600,100,0.00,0.00,0.00
38,Entry Long,Long,N/A,127.1000,100,0.00,0.00,0.00
38,Exit Long,Close Long,2015-04-10T00:00:00.000Z,127.1000,100,0.00,0.00,0.00
39,Entry Long,Long,N/A,126.8500,100,0.00,0.00,0.00
39,Exit Long,Close Long,2015-04-13T00:00:00.000Z,126.8500,100,0.00,0.00,0.00
40,Entry Long,Long,N/A,126.3000,100,0.00,0.00,0.00
40,Exit Long,Close Long,2015-04-14T00:00:00.000Z,126.3000,100,0.00,0.00,0.00
41,Entry Long,Long,N/A,126.7800,100,0.00,0.00,0.00
41,Exit Long,Close Long,2015-04-15T00:00:00.000Z,126.7800,100,0.00,0.00,0.00
42,Entry Long,Long,N/A,126.1700,100,0.00,0.00,0.00
42,Exit Long,Close Long,2015-04-16T00:00:00.000Z,126.1700,100,-0.00,-0.00,0.00
43,Entry Long,Long,N/A,124.7500,100,0.00,0.00,0.00
43,Exit Long,Close Long,2015-04-17T00:00:00.000Z,124.7500,100,0.00,0.00,0.00
44,Entry Long,Long,N/A,127.6000,100,0.00,0.00,0.00
44,Exit Long,Close Long,2015-04-20T00:00:00.000Z,127.6000,100,0.00,0.00,0.00
45,Entry Long,Long,N/A,126.9100,100,0.00,0.00,0.00
45,Exit Long,Close Long,2015-04-21T00:00:00.000Z,126.9100,100,-0.00,-0.00,-0.00
46,Entry Long,Long,N/A,128.6200,100,0.00,0.00,-0.00
46,Exit Long,Close Long,2015-04-22T00:00:00.000Z,128.6200,100,0.00,0.00,-0.00
47,Entry Long,Long,N/A,129.6700,100,0.00,0.00,-0.00
47,Exit Long,Close Long,2015-04-23T00:00:00.000Z,129.6700,100,0.00,0.00,-0.00
48,Entry Long,Long,N/A,130.2800,100,0.00,0.00,-0.00
48,Exit Long,Close Long,2015-04-24T00:00:00.000Z,130.2800,100,0.00,0.00,-0.00
49,Entry Long,Long,N/A,132.6500,100,0.00,0.00,-0.00
49,Exit Long,Close Long,2015-04-27T00:00:00.000Z,132.6500,100,0.00,0.00,-0.00
50,Entry Long,Long,N/A,130.5600,100,0.00,0.00,-0.00
50,Exit Long,Close Long,2015-04-28T00:00:00.000Z,130.5600,100,0.00,0.00,-0.00
51,Entry Long,Long,N/A,128.6400,100,0.00,0.00,-0.00
51,Exit Long,Close Long,2015-04-29T00:00:00.000Z,128.6400,100,0.00,0.00,-0.00
52,Entry Long,Long,N/A,125.1500,100,0.00,0.00,-0.00
52,Exit Long,Close Long,2015-04-30T00:00:00.000Z,125.1500,100,0.00,0.00,-0.00
53,Entry Long,Long,N/A,128.9500,100,0.00,0.00,-0.00
53,Exit Long,Close Long,2015-05-01T00:00:00.000Z,128.9500,100,0.00,0.00,-0.00
54,Entry Long,Long,N/A,128.7000,100,0.00,0.00,-0.00
54,Exit Long,Close Long,2015-05-04T00:00:00.000Z,128.7000,100,0.00,0.00,-0.00
55,Entry Long,Long,N/A,125.8000,100,0.00,0.00,-0.00
55,Exit Long,Close Long,2015-05-05T00:00:00.000Z,125.8000,100,0.00,0.00,-0.00
56,Entry Long,Long,N/A,125.0100,100,0.00,0.00,-0.00
56,Exit Long,Close Long,2015-05-06T00:00:00.000Z,125.0100,100,0.00,0.00,-0.00
57,Entry Long,Long,N/A,125.2600,100,0.00,0.00,-0.00
57,Exit Long,Close Long,2015-05-07T00:00:00.000Z,125.2600,100,0.00,0.00,-0.00
58,Entry Long,Long,N/A,127.6200,100,0.00,0.00,-0.00
58,Exit Long,Close Long,2015-05-08T00:00:00.000Z,127.6200,100,0.00,0.00,-0.00
59,Entry Long,Long,N/A,126.3200,100,0.00,0.00,-0.00
59,Exit Long,Close Long,2015-05-11T00:00:00.000Z,126.3200,100,0.00,0.00,-0.00
60,Entry Long,Long,N/A,125.8700,100,0.00,0.00,-0.00
60,Exit Long,Close Long,2015-05-12T00:00:00.000Z,125.8700,100,0.00,0.00,-0.00
61,Entry Long,Long,N/A,126.0100,100,0.00,0.00,-0.00
61,Exit Long,Close Long,2015-05-13T00:00:00.000Z,126.0100,100,0.00,0.00,-0.00
62,Entry Long,Long,N/A,128.9500,100,0.00,0.00,-0.00
62,Exit Long,Close Long,2015-05-14T00:00:00.000Z,128.9500,100,0.00,0.00,-0.00
63,Entry Long,Long,N/A,128.7700,100,0.00,0.00,-0.00
63,Exit Long,Close Long,2015-05-15T00:00:00.000Z,128.7700,100,0.00,0.00,-0.00
64,Entry Long,Long,N/A,130.1900,100,0.00,0.00,-0.00
64,Exit Long,Close Long,2015-05-18T00:00:00.000Z,130.1900,100,0.00,0.00,-0.00
65,Entry Long,Long,N/A,130.0700,100,0.00,0.00,-0.00
65,Exit Long,Close Long,2015-05-19T00:00:00.000Z,130.0700,100,0.00,0.00,-0.00
66,Entry Long,Long,N/A,130.0600,100,0.00,0.00,-0.00
66,Exit Long,Close Long,2015-05-20T00:00:00.000Z,130.0600,100,0.00,0.00,-0.00
67,Entry Long,Long,N/A,131.3900,100,0.00,0.00,-0.00
67,Exit Long,Close Long,2015-05-21T00:00:00.000Z,131.3900,100,0.00,0.00,-0.00
68,Entry Long,Long,N/A,132.5400,100,0.00,0.00,-0.00
68,Exit Long,Close Long,2015-05-22T00:00:00.000Z,132.5400,100,0.00,0.00,-0.00
69,Entry Long,Long,N/A,129.6200,100,0.00,0.00,-0.00
69,Exit Long,Close Long,2015-05-26T00:00:00.000Z,129.6200,100,0.00,0.00,-0.00
70,Entry Long,Long,N/A,132.0400,100,0.00,0.00,-0.00
70,Exit Long,Close Long,2015-05-27T00:00:00.000Z,132.0400,100,0.00,0.00,-0.00
71,Entry Long,Long,N/A,131.7800,100,0.00,0.00,-0.00
71,Exit Long,Close Long,2015-05-28T00:00:00.000Z,131.7800,100,0.00,0.00,-0.00
72,Entry Long,Long,N/A,130.2800,100,0.00,0.00,-0.00
72,Exit Long,Close Long,2015-05-29T00:00:00.000Z,130.2800,100,0.00,0.00,-0.00
73,Entry Long,Long,N/A,130.5400,100,0.00,0.00,-0.00
73,Exit Long,Close Long,2015-06-01T00:00:00.000Z,130.5400,100,0.00,0.00,-0.00
74,Entry Long,Long,N/A,129.9600,100,0.00,0.00,-0.00
74,Exit Long,Close Long,2015-06-02T00:00:00.000Z,129.9600,100,0.00,0.00,-0.00
75,Entry Long,Long,N/A,130.1200,100,0.00,0.00,-0.00
75,Exit Long,Close Long,2015-06-03T00:00:00.000Z,130.1200,100,0.00,0.00,-0.00
76,Entry Long,Long,N/A,129.3600,100,0.00,0.00,-0.00
76,Exit Long,Close Long,2015-06-04T00:00:00.000Z,129.3600,100,0.00,0.00,-0.00
77,Entry Long,Long,N/A,128.6500,100,0.00,0.00,-0.00
77,Exit Long,Close Long,2015-06-05T00:00:00.000Z,128.6500,100,0.00,0.00,-0.00
78,Entry Long,Long,N/A,127.8000,100,0.00,0.00,-0.00
78,Exit Long,Close Long,2015-06-08T00:00:00.000Z,127.8000,100,0.00,0.00,-0.00
79,Entry Long,Long,N/A,127.4200,100,0.00,0.00,-0.00
79,Exit Long,Close Long,2015-06-09T00:00:00.000Z,127.4200,100,-0.00,-0.00,-0.00
80,Entry Long,Long,N/A,128.8800,100,0.00,0.00,-0.00
80,Exit Long,Close Long,2015-06-10T00:00:00.000Z,128.8800,100,0.00,0.00,-0.00
81,Entry Long,Long,N/A,128.5900,100,0.00,0.00,-0.00
81,Exit Long,Close Long,2015-06-11T00:00:00.000Z,128.5900,100,0.00,0.00,-0.00
82,Entry Long,Long,N/A,127.1700,100,0.00,0.00,-0.00
82,Exit Long,Close Long,2015-06-12T00:00:00.000Z,127.1700,100,-0.00,-0.00,-0.00
83,Entry Long,Long,N/A,126.9200,100,0.00,0.00,-0.00
83,Exit Long,Close Long,2015-06-15T00:00:00.000Z,126.9200,100,-0.00,-0.00,-0.00
84,Entry Long,Long,N/A,127.6000,100,0.00,0.00,-0.00
84,Exit Long,Close Long,2015-06-16T00:00:00.000Z,127.6000,100,0.00,0.00,-0.00
85,Entry Long,Long,N/A,127.3000,100,0.00,0.00,-0.00
85,Exit Long,Close Long,2015-06-17T00:00:00.000Z,127.3000,100,0.00,0.00,-0.00
86,Entry Long,Long,N/A,127.8800,100,0.00,0.00,-0.00
86,Exit Long,Close Long,2015-06-18T00:00:00.000Z,127.8800,100,0.00,0.00,-0.00
87,Entry Long,Long,N/A,126.6000,100,0.00,0.00,-0.00
87,Exit Long,Close Long,2015-06-19T00:00:00.000Z,126.6000,100,0.00,0.00,-0.00
88,Entry Long,Long,N/A,127.6100,100,0.00,0.00,-0.00
88,Exit Long,Close Long,2015-06-22T00:00:00.000Z,127.6100,100,0.00,0.00,-0.00
89,Entry Long,Long,N/A,127.0300,100,0.00,0.00,-0.00
89,Exit Long,Close Long,2015-06-23T00:00:00.000Z,127.0300,100,0.00,0.00,-0.00
90,Entry Long,Long,N/A,128.1100,100,0.00,0.00,-0.00
90,Exit Long,Close Long,2015-06-24T00:00:00.000Z,128.1100,100,0.00,0.00,-0.00
91,Entry Long,Long,N/A,127.5000,100,0.00,0.00,-0.00
91,Exit Long,Close Long,2015-06-25T00:00:00.000Z,127.5000,100,0.00,0.00,-0.00
92,Entry Long,Long,N/A,126.7500,100,0.00,0.00,-0.00
92,Exit Long,Close Long,2015-06-26T00:00:00.000Z,126.7500,100,0.00,0.00,-0.00
93,Entry Long,Long,N/A,124.5300,100,0.00,0.00,-0.00
93,Exit Long,Close Long,2015-06-29T00:00:00.000Z,124.5300,100,0.00,0.00,-0.00
94,Entry Long,Long,N/A,125.4300,100,0.00,0.00,-0.00
94,Exit Long,Close Long,2015-06-30T00:00:00.000Z,125.4300,100,0.00,0.00,-0.00
95,Entry Long,Long,N/A,126.6000,100,0.00,0.00,-0.00
95,Exit Long,Close Long,2015-07-01T00:00:00.000Z,126.6000,100,0.00,0.00,-0.00
96,Entry Long,Long,N/A,126.4400,100,0.00,0.00,-0.00
96,Exit Long,Close Long,2015-07-02T00:00:00.000Z,126.4400,100,0.00,0.00,-0.00
97,Entry Long,Long,N/A,126.0000,100,0.00,0.00,-0.00
97,Exit Long,Close Long,2015-07-06T00:00:00.000Z,126.0000,100,0.00,0.00,-0.00
98,Entry Long,Long,N/A,125.6900,100,0.00,0.00,-0.00
98,Exit Long,Close Long,2015-07-07T00:00:00.000Z,125.6900,100,0.00,0.00,-0.00
99,Entry Long,Long,N/A,122.5700,100,0.00,0.00,-0.00
99,Exit Long,Close Long,2015-07-08T00:00:00.000Z,122.5700,100,0.00,0.00,-0.00
100,Entry Long,Long,N/A,120.0700,100,0.00,0.00,-0.00
100,Exit Long,Close Long,2015-07-09T00:00:00.000Z,120.0700,100,0.00,0.00,-0.00
101,Entry Long,Long,N/A,123.2800,100,0.00,0.00,-0.00
101,Exit Long,Close Long,2015-07-10T00:00:00.000Z,123.2800,100,0.00,0.00,-0.00
102,Entry Long,Long,N/A,125.6600,100,0.00,0.00,-0.00
102,Exit Long,Close Long,2015-07-13T00:00:00.000Z,125.6600,100,-0.00,-0.00,-0.00
103,Entry Long,Long,N/A,125.6100,100,0.00,0.00,-0.00
103,Exit Long,Close Long,2015-07-14T00:00:00.000Z,125.6100,100,0.00,0.00,-0.00
104,Entry Long,Long,N/A,126.8200,100,0.00,0.00,-0.00
104,Exit Long,Close Long,2015-07-15T00:00:00.000Z,126.8200,100,0.00,0.00,-0.00
105,Entry Long,Long,N/A,128.5100,100,0.00,0.00,-0.00
105,Exit Long,Close Long,2015-07-16T00:00:00.000Z,128.5100,100,0.00,0.00,-0.00
106,Entry Long,Long,N/A,129.6200,100,0.00,0.00,-0.00
106,Exit Long,Close Long,2015-07-17T00:00:00.000Z,129.6200,100,0.00,0.00,-0.00
107,Entry Long,Long,N/A,132.0700,100,0.00,0.00,-0.00
107,Exit Long,Close Long,2015-07-20T00:00:00.000Z,132.0700,100,0.00,0.00,-0.00
108,Entry Long,Long,N/A,130.7500,100,0.00,0.00,-0.00
108,Exit Long,Close Long,2015-07-21T00:00:00.000Z,130.7500,100,0.00,0.00,-0.00
109,Entry Long,Long,N/A,125.2200,100,0.00,0.00,-0.00
109,Exit Long,Close Long,2015-07-22T00:00:00.000Z,125.2200,100,0.00,0.00,-0.00
110,Entry Long,Long,N/A,125.1600,100,0.00,0.00,-0.00
110,Exit Long,Close Long,2015-07-23T00:00:00.000Z,125.1600,100,-0.00,-0.00,-0.00
111,Entry Long,Long,N/A,124.5000,100,0.00,0.00,-0.00
111,Exit Long,Close Long,2015-07-24T00:00:00.000Z,124.5000,100,0.00,0.00,-0.00
112,Entry Long,Long,N/A,122.7700,100,0.00,0.00,-0.00
112,Exit Long,Close Long,2015-07-27T00:00:00.000Z,122.7700,100,0.00,0.00,-0.00
113,Entry Long,Long,N/A,123.3800,100,0.00,0.00,-0.00
113,Exit Long,Close Long,2015-07-28T00:00:00.000Z,123.3800,100,0.00,0.00,-0.00
114,Entry Long,Long,N/A,122.9900,100,0.00,0.00,-0.00
114,Exit Long,Close Long,2015-07-29T00:00:00.000Z,122.9900,100,0.00,0.00,-0.00
115,Entry Long,Long,N/A,122.3700,100,0.00,0.00,-0.00
115,Exit Long,Close Long,2015-07-30T00:00:00.000Z,122.3700,100,0.00,0.00,-0.00
116,Entry Long,Long,N/A,121.3000,100,0.00,0.00,-0.00
116,Exit Long,Close Long,2015-07-31T00:00:00.000Z,121.3000,100,0.00,0.00,-0.00
117,Entry Long,Long,N/A,118.4400,100,0.00,0.00,-0.00
117,Exit Long,Close Long,2015-08-03T00:00:00.000Z,118.4400,100,0.00,0.00,-0.00
118,Entry Long,Long,N/A,114.6400,100,0.00,0.00,-0.00
118,Exit Long,Close Long,2015-08-04T00:00:00.000Z,114.6400,100,0.00,0.00,-0.00
119,Entry Long,Long,N/A,115.4000,100,0.00,0.00,-0.00
119,Exit Long,Close Long,2015-08-05T00:00:00.000Z,115.4000,100,0.00,0.00,-0.00
120,Entry Long,Long,N/A,115.1300,100,0.00,0.00,-0.00
120,Exit Long,Close Long,2015-08-06T00:00:00.000Z,115.1300,100,0.00,0.00,-0.00
121,Entry Long,Long,N/A,115.5200,100,0.00,0.00,-0.00
121,Exit Long,Close Long,2015-08-07T00:00:00.000Z,115.5200,100,0.00,0.00,-0.00
122,Entry Long,Long,N/A,119.7200,100,0.00,0.00,-0.00
122,Exit Long,Close Long,2015-08-10T00:00:00.000Z,119.7200,100,0.00,0.00,-0.00
123,Entry Long,Long,N/A,113.4900,100,0.00,0.00,-0.00
123,Exit Long,Close Long,2015-08-11T00:00:00.000Z,113.4900,100,0.00,0.00,-0.00
124,Entry Long,Long,N/A,115.2400,100,0.00,0.00,-0.00
124,Exit Long,Close Long,2015-08-12T00:00:00.000Z,115.2400,100,0.00,0.00,-0.00
125,Entry Long,Long,N/A,115.1500,100,0.00,0.00,-0.00
125,Exit Long,Close Long,2015-08-13T00:00:00.000Z,115.1500,100,0.00,0.00,-0.00
126,Entry Long,Long,N/A,115.9600,100,0.00,0.00,-0.00
126,Exit Long,Close Long,2015-08-14T00:00:00.000Z,115.9600,100,0.00,0.00,-0.00
127,Entry Long,Long,N/A,117.1600,100,0.00,0.00,-0.00
127,Exit Long,Close Long,2015-08-17T00:00:00.000Z,117.1600,100,-0.00,-0.00,-0.00
128,Entry Long,Long,N/A,116.5000,100,0.00,0.00,-0.00
128,Exit Long,Close Long,2015-08-18T00:00:00.000Z,116.5000,100,0.00,0.00,-0.00
129,Entry Long,Long,N/A,115.0100,100,0.00,0.00,-0.00
129,Exit Long,Close Long,2015-08-19T00:00:00.000Z,115.0100,100,0.00,0.00,-0.00
130,Entry Long,Long,N/A,112.6500,100,0.00,0.00,-0.00
130,Exit Long,Close Long,2015-08-20T00:00:00.000Z,112.6500,100,0.00,0.00,-0.00
131,Entry Long,Long,N/A,105.7600,100,0.00,0.00,-0.00
131,Exit Long,Close Long,2015-08-21T00:00:00.000Z,105.7600,100,0.00,0.00,-0.00
132,Entry Long,Long,N/A,103.1200,100,0.00,0.00,-0.00
132,Exit Long,Close Long,2015-08-24T00:00:00.000Z,103.1200,100,0.00,0.00,-0.00
133,Entry Long,Long,N/A,103.7400,100,0.00,0.00,-0.00
133,Exit Long,Close Long,2015-08-25T00:00:00.000Z,103.7400,100,0.00,0.00,-0.00
134,Entry Long,Long,N/A,109.6900,100,0.00,0.00,-0.00
134,Exit Long,Close Long,2015-08-26T00:00:00.000Z,109.6900,100,0.00,0.00,-0.00
135,Entry Long,Long,N/A,112.9200,100,0.00,0.00,-0.00
135,Exit Long,Close Long,2015-08-27T00:00:00.000Z,112.9200,100,-0.00,-0.00,-0.00
136,Entry Long,Long,N/A,113.2900,100,0.00,0.00,-0.00
136,Exit Long,Close Long,2015-08-28T00:00:00.000Z,113.2900,100,-0.00,-0.00,-0.00
137,Entry Long,Long,N/A,112.7600,100,0.00,0.00,-0.00
137,Exit Long,Close Long,2015-08-31T00:00:00.000Z,112.7600,100,0.00,0.00,-0.00
138,Entry Long,Long,N/A,107.7200,100,0.00,0.00,-0.00
138,Exit Long,Close Long,2015-09-01T00:00:00.000Z,107.7200,100,0.00,0.00,-0.00
139,Entry Long,Long,N/A,112.3400,100,0.00,0.00,-0.00
139,Exit Long,Close Long,2015-09-02T00:00:00.000Z,112.3400,100,0.00,0.00,-0.00
140,Entry Long,Long,N/A,110.3700,100,0.00,0.00,-0.00
140,Exit Long,Close Long,2015-09-03T00:00:00.000Z,110.3700,100,0.00,0.00,-0.00
141,Entry Long,Long,N/A,109.2700,100,0.00,0.00,-0.00
141,Exit Long,Close Long,2015-09-04T00:00:00.000Z,109.2700,100,0.00,0.00,-0.00
142,Entry Long,Long,N/A,112.3100,100,0.00,0.00,-0.00
142,Exit Long,Close Long,2015-09-08T00:00:00.000Z,112.3100,100,0.00,0.00,-0.00
143,Entry Long,Long,N/A,110.1500,100,0.00,0.00,-0.00
143,Exit Long,Close Long,2015-09-09T00:00:00.000Z,110.1500,100,0.00,0.00,-0.00
144,Entry Long,Long,N/A,112.5700,100,0.00,0.00,-0.00
144,Exit Long,Close Long,2015-09-10T00:00:00.000Z,112.5700,100,0.00,0.00,-0.00
145,Entry Long,Long,N/A,114.2100,100,0.00,0.00,-0.00
145,Exit Long,Close Long,2015-09-11T00:00:00.000Z,114.2100,100,0.00,0.00,-0.00
146,Entry Long,Long,N/A,115.3100,100,0.00,0.00,-0.00
146,Exit Long,Close Long,2015-09-14T00:00:00.000Z,115.3100,100,0.00,0.00,-0.00
147,Entry Long,Long,N/A,116.2800,100,0.00,0.00,-0.00
147,Exit Long,Close Long,2015-09-15T00:00:00.000Z,116.2800,100,0.00,0.00,-0.00
148,Entry Long,Long,N/A,116.4100,100,0.00,0.00,-0.00
148,Exit Long,Close Long,2015-09-16T00:00:00.000Z,116.4100,100,-0.00,-0.00,-0.00
149,Entry Long,Long,N/A,113.9200,100,0.00,0.00,-0.00
149,Exit Long,Close Long,2015-09-17T00:00:00.000Z,113.9200,100,-0.00,-0.00,-0.00
150,Entry Long,Long,N/A,113.4500,100,0.00,0.00,-0.00
150,Exit Long,Close Long,2015-09-18T00:00:00.000Z,113.4500,100,0.00,0.00,-0.00
151,Entry Long,Long,N/A,115.2100,100,0.00,0.00,-0.00
151,Exit Long,Close Long,2015-09-21T00:00:00.000Z,115.2100,100,0.00,0.00,-0.00
152,Entry Long,Long,N/A,113.4000,100,0.00,0.00,-0.00
152,Exit Long,Close Long,2015-09-22T00:00:00.000Z,113.4000,100,0.00,0.00,-0.00
153,Entry Long,Long,N/A,114.3200,100,0.00,0.00,-0.00
153,Exit Long,Close Long,2015-09-23T00:00:00.000Z,114.3200,100,0.00,0.00,-0.00
154,Entry Long,Long,N/A,115.0000,100,0.00,0.00,-0.00
154,Exit Long,Close Long,2015-09-24T00:00:00.000Z,115.0000,100,0.00,0.00,-0.00
155,Entry Long,Long,N/A,114.7100,100,0.00,0.00,-0.00
155,Exit Long,Close Long,2015-09-25T00:00:00.000Z,114.7100,100,0.00,0.00,-0.00
156,Entry Long,Long,N/A,112.4400,100,0.00,0.00,-0.00
156,Exit Long,Close Long,2015-09-28T00:00:00.000Z,112.4400,100,0.00,0.00,-0.00
157,Entry Long,Long,N/A,109.0600,100,0.00,0.00,-0.00
157,Exit Long,Close Long,2015-09-29T00:00:00.000Z,109.0600,100,0.00,0.00,-0.00
158,Entry Long,Long,N/A,110.3000,100,0.00,0.00,-0.00
158,Exit Long,Close Long,2015-09-30T00:00:00.000Z,110.3000,100,0.00,0.00,-0.00
159,Entry Long,Long,N/A,109.5800,100,0.00,0.00,-0.00
159,Exit Long,Close Long,2015-10-01T00:00:00.000Z,109.5800,100,0.00,0.00,-0.00
160,Entry Long,Long,N/A,110.3800,100,0.00,0.00,-0.00
160,Exit Long,Close Long,2015-10-02T00:00:00.000Z,110.3800,100,0.00,0.00,-0.00
161,Entry Long,Long,N/A,110.7800,100,0.00,0.00,-0.00
161,Exit Long,Close Long,2015-10-05T00:00:00.000Z,110.7800,100,0.00,0.00,-0.00
162,Entry Long,Long,N/A,111.3100,100,0.00,0.00,-0.00
162,Exit Long,Close Long,2015-10-06T00:00:00.000Z,111.3100,100,0.00,0.00,-0.00
163,Entry Long,Long,N/A,110.7800,100,0.00,0.00,-0.00
163,Exit Long,Close Long,2015-10-07T00:00:00.000Z,110.7800,100,0.00,0.00,-0.00
164,Entry Long,Long,N/A,109.5000,100,0.00,0.00,-0.00
164,Exit Long,Close Long,2015-10-08T00:00:00.000Z,109.5000,100,0.00,0.00,-0.00
165,Entry Long,Long,N/A,112.1200,100,0.00,0.00,-0.00
165,Exit Long,Close Long,2015-10-09T00:00:00.000Z,112.1200,100,0.00,0.00,-0.00
166,Entry Long,Long,N/A,111.6000,100,0.00,0.00,-0.00
166,Exit Long,Close Long,2015-10-12T00:00:00.000Z,111.6000,100,0.00,0.00,-0.00
167,Entry Long,Long,N/A,111.7900,100,0.00,0.00,-0.00
167,Exit Long,Close Long,2015-10-13T00:00:00.000Z,111.7900,100,-0.00,-0.00,-0.00
168,Entry Long,Long,N/A,110.2100,100,0.00,0.00,-0.00
168,Exit Long,Close Long,2015-10-14T00:00:00.000Z,110.2100,100,0.00,0.00,-0.00
169,Entry Long,Long,N/A,111.8600,100,0.00,0.00,-0.00
169,Exit Long,Close Long,2015-10-15T00:00:00.000Z,111.8600,100,0.00,0.00,-0.00
170,Entry Long,Long,N/A,111.0400,100,0.00,0.00,-0.00
170,Exit Long,Close Long,2015-10-16T00:00:00.000Z,111.0400,100,-0.00,-0.00,-0.00
171,Entry Long,Long,N/A,111.7300,100,0.00,0.00,-0.00
171,Exit Long,Close Long,2015-10-19T00:00:00.000Z,111.7300,100,0.00,0.00,-0.00
172,Entry Long,Long,N/A,113.7700,100,0.00,0.00,-0.00
172,Exit Long,Close Long,2015-10-20T00:00:00.000Z,113.7700,100,0.00,0.00,-0.00
173,Entry Long,Long,N/A,113.7600,100,0.00,0.00,-0.00
173,Exit Long,Close Long,2015-10-21T00:00:00.000Z,113.7600,100,0.00,0.00,-0.00
174,Entry Long,Long,N/A,115.5000,100,0.00,0.00,-0.00
174,Exit Long,Close Long,2015-10-22T00:00:00.000Z,115.5000,100,0.00,0.00,-0.00
175,Entry Long,Long,N/A,119.0800,100,0.00,0.00,-0.00
175,Exit Long,Close Long,2015-10-23T00:00:00.000Z,119.0800,100,0.00,0.00,-0.00
176,Entry Long,Long,N/A,115.2800,100,0.00,0.00,-0.00
176,Exit Long,Close Long,2015-10-26T00:00:00.000Z,115.2800,100,0.00,0.00,-0.00
177,Entry Long,Long,N/A,114.5500,100,0.00,0.00,-0.00
177,Exit Long,Close Long,2015-10-27T00:00:00.000Z,114.5500,100,0.00,0.00,-0.00
178,Entry Long,Long,N/A,119.2700,100,0.00,0.00,-0.00
178,Exit Long,Close Long,2015-10-28T00:00:00.000Z,119.2700,100,0.00,0.00,-0.00
179,Entry Long,Long,N/A,120.5300,100,0.00,0.00,-0.00
179,Exit Long,Close Long,2015-10-29T00:00:00.000Z,120.5300,100,0.00,0.00,-0.00
180,Entry Long,Long,N/A,119.5000,100,0.00,0.00,-0.00
180,Exit Long,Close Long,2015-10-30T00:00:00.000Z,119.5000,100,0.00,0.00,-0.00
181,Entry Long,Long,N/A,121.1800,100,0.00,0.00,-0.00
181,Exit Long,Close Long,2015-11-02T00:00:00.000Z,121.1800,100,0.00,0.00,-0.00
182,Entry Long,Long,N/A,122.5700,100,0.00,0.00,-0.00
182,Exit Long,Close Long,2015-11-03T00:00:00.000Z,122.5700,100,0.00,0.00,-0.00
183,Entry Long,Long,N/A,122.0000,100,0.00,0.00,-0.00
183,Exit Long,Close Long,2015-11-04T00:00:00.000Z,122.0000,100,0.00,0.00,-0.00
184,Entry Long,Long,N/A,120.9200,100,0.00,0.00,-0.00
184,Exit Long,Close Long,2015-11-05T00:00:00.000Z,120.9200,100,-0.00,-0.00,-0.00
185,Entry Long,Long,N/A,121.0600,100,0.00,0.00,-0.00
185,Exit Long,Close Long,2015-11-06T00:00:00.000Z,121.0600,100,0.00,0.00,-0.00
186,Entry Long,Long,N/A,120.5700,100,0.00,0.00,-0.00
186,Exit Long,Close Long,2015-11-09T00:00:00.000Z,120.5700,100,0.00,0.00,-0.00
187,Entry Long,Long,N/A,116.7700,100,0.00,0.00,-0.00
187,Exit Long,Close Long,2015-11-10T00:00:00.000Z,116.7700,100,0.00,0.00,-0.00
188,Entry Long,Long,N/A,116.1100,100,0.00,0.00,-0.00
188,Exit Long,Close Long,2015-11-11T00:00:00.000Z,116.1100,100,0.00,0.00,-0.00
189,Entry Long,Long,N/A,115.7200,100,0.00,0.00,-0.00
189,Exit Long,Close Long,2015-11-12T00:00:00.000Z,115.7200,100,0.00,0.00,-0.00
190,Entry Long,Long,N/A,112.3400,100,0.00,0.00,-0.00
190,Exit Long,Close Long,2015-11-13T00:00:00.000Z,112.3400,100,0.00,0.00,-0.00
191,Entry Long,Long,N/A,114.1800,100,0.00,0.00,-0.00
191,Exit Long,Close Long,2015-11-16T00:00:00.000Z,114.1800,100,0.00,0.00,-0.00
192,Entry Long,Long,N/A,113.6900,100,0.00,0.00,-0.00
192,Exit Long,Close Long,2015-11-17T00:00:00.000Z,113.6900,100,0.00,0.00,-0.00
193,Entry Long,Long,N/A,117.2900,100,0.00,0.00,-0.00
193,Exit Long,Close Long,2015-11-18T00:00:00.000Z,117.2900,100,-0.00,-0.00,-0.00
194,Entry Long,Long,N/A,118.7800,100,0.00,0.00,-0.00
194,Exit Long,Close Long,2015-11-19T00:00:00.000Z,118.7800,100,0.00,0.00,-0.00
195,Entry Long,Long,N/A,119.3000,100,0.00,0.00,-0.00
195,Exit Long,Close Long,2015-11-20T00:00:00.000Z,119.3000,100,0.00,0.00,-0.00
196,Entry Long,Long,N/A,117.7500,100,0.00,0.00,-0.00
196,Exit Long,Close Long,2015-11-23T00:00:00.000Z,117.7500,100,0.00,0.00,-0.00
197,Entry Long,Long,N/A,118.8800,100,0.00,0.00,-0.00
197,Exit Long,Close Long,2015-11-24T00:00:00.000Z,118.8800,100,0.00,0.00,-0.00
198,Entry Long,Long,N/A,118.0300,100,0.00,0.00,-0.00
198,Exit Long,Close Long,2015-11-25T00:00:00.000Z,118.0300,100,0.00,0.00,-0.00
199,Entry Long,Long,N/A,117.8100,100,0.00,0.00,-0.00
199,Exit Long,Close Long,2015-11-27T00:00:00.000Z,117.8100,100,0.00,0.00,-0.00
200,Entry Long,Long,N/A,118.3000,100,0.00,0.00,-0.00
200,Exit Long,Close Long,2015-11-30T00:00:00.000Z,118.3000,100,0.00,0.00,-0.00
201,Entry Long,Long,N/A,117.3400,100,0.00,0.00,-0.00
201,Exit Long,Close Long,2015-12-01T00:00:00.000Z,117.3400,100,0.00,0.00,-0.00
202,Entry Long,Long,N/A,116.2800,100,0.00,0.00,-0.00
202,Exit Long,Close Long,2015-12-02T00:00:00.000Z,116.2800,100,0.00,0.00,-0.00
203,Entry Long,Long,N/A,115.2000,100,0.00,0.00,-0.00
203,Exit Long,Close Long,2015-12-03T00:00:00.000Z,115.2000,100,0.00,0.00,-0.00
204,Entry Long,Long,N/A,119.0300,100,0.00,0.00,-0.00
204,Exit Long,Close Long,2015-12-04T00:00:00.000Z,119.0300,100,0.00,0.00,-0.00
205,Entry Long,Long,N/A,118.2800,100,0.00,0.00,-0.00
205,Exit Long,Close Long,2015-12-07T00:00:00.000Z,118.2800,100,0.00,0.00,-0.00
206,Entry Long,Long,N/A,118.2300,100,0.00,0.00,-0.00
206,Exit Long,Close Long,2015-12-08T00:00:00.000Z,118.2300,100,0.00,0.00,-0.00
207,Entry Long,Long,N/A,115.6200,100,0.00,0.00,-0.00
207,Exit Long,Close Long,2015-12-09T00:00:00.000Z,115.6200,100,0.00,0.00,-0.00
208,Entry Long,Long,N/A,116.1700,100,0.00,0.00,-0.00
208,Exit Long,Close Long,2015-12-10T00:00:00.000Z,116.1700,100,-0.00,-0.00,-0.00
209,Entry Long,Long,N/A,113.1800,100,0.00,0.00,-0.00
209,Exit Long,Close Long,2015-12-11T00:00:00.000Z,113.1800,100,0.00,0.00,-0.00
210,Entry Long,Long,N/A,112.4800,100,0.00,0.00,-0.00
210,Exit Long,Close Long,2015-12-14T00:00:00.000Z,112.4800,100,0.00,0.00,-0.00
211,Entry Long,Long,N/A,110.4900,100,0.00,0.00,-0.00
211,Exit Long,Close Long,2015-12-15T00:00:00.000Z,110.4900,100,0.00,0.00,-0.00
212,Entry Long,Long,N/A,111.3400,100,0.00,0.00,-0.00
212,Exit Long,Close Long,2015-12-16T00:00:00.000Z,111.3400,100,0.00,0.00,-0.00
213,Entry Long,Long,N/A,108.9800,100,0.00,0.00,-0.00
213,Exit Long,Close Long,2015-12-17T00:00:00.000Z,108.9800,100,0.00,0.00,-0.00
214,Entry Long,Long,N/A,106.0300,100,0.00,0.00,-0.00
214,Exit Long,Close Long,2015-12-18T00:00:00.000Z,106.0300,100,0.00,0.00,-0.00
215,Entry Long,Long,N/A,107.3300,100,0.00,0.00,-0.00
215,Exit Long,Close Long,2015-12-21T00:00:00.000Z,107.3300,100,0.00,0.00,-0.00
216,Entry Long,Long,N/A,107.2300,100,0.00,0.00,-0.00
216,Exit Long,Close Long,2015-12-22T00:00:00.000Z,107.2300,100,0.00,0.00,-0.00
217,Entry Long,Long,N/A,108.6100,100,0.00,0.00,-0.00
217,Exit Long,Close Long,2015-12-23T00:00:00.000Z,108.6100,100,0.00,0.00,-0.00
218,Entry Long,Long,N/A,108.0300,100,0.00,0.00,-0.00
218,Exit Long,Close Long,2015-12-24T00:00:00.000Z,108.0300,100,0.00,0.00,-0.00
219,Entry Long,Long,N/A,106.8200,100,0.00,0.00,-0.00
219,Exit Long,Close Long,2015-12-28T00:00:00.000Z,106.8200,100,0.00,0.00,-0.00
220,Entry Long,Long,N/A,108.7400,100,0.00,0.00,-0.00
220,Exit Long,Close Long,2015-12-29T00:00:00.000Z,108.7400,100,0.00,0.00,-0.00
221,Entry Long,Long,N/A,107.3200,100,0.00,0.00,-0.00
221,Exit Long,Close Long,2015-12-30T00:00:00.000Z,107.3200,100,0.00,0.00,-0.00
222,Entry Long,Long,N/A,105.2600,100,0.00,0.00,-0.00
222,Exit Long,Close Long,2015-12-31T00:00:00.000Z,105.2600,100,0.00,0.00,-0.00
223,Entry Long,Long,N/A,105.3500,100,0.00,0.00,-0.00
223,Exit Long,Close Long,2016-01-04T00:00:00.000Z,105.3500,100,0.00,0.00,-0.00
224,Entry Long,Long,N/A,102.7100,100,0.00,0.00,-0.00
224,Exit Long,Close Long,2016-01-05T00:00:00.000Z,102.7100,100,0.00,0.00,-0.00
225,Entry Long,Long,N/A,100.7000,100,0.00,0.00,-0.00
225,Exit Long,Close Long,2016-01-06T00:00:00.000Z,100.7000,100,0.00,0.00,-0.00
226,Entry Long,Long,N/A,96.4500,100,0.00,0.00,-0.00
226,Exit Long,Close Long,2016-01-07T00:00:00.000Z,96.4500,100,0.00,0.00,-0.00
227,Entry Long,Long,N/A,96.9600,100,0.00,0.00,-0.00
227,Exit Long,Close Long,2016-01-08T00:00:00.000Z,96.9600,100,0.00,0.00,-0.00
228,Entry Long,Long,N/A,98.5300,100,0.00,0.00,-0.00
228,Exit Long,Close Long,2016-01-11T00:00:00.000Z,98.5300,100,0.00,0.00,-0.00
229,Entry Long,Long,N/A,99.9600,100,0.00,0.00,-0.00
229,Exit Long,Close Long,2016-01-12T00:00:00.000Z,99.9600,100,0.00,0.00,-0.00
230,Entry Long,Long,N/A,97.3900,100,0.00,0.00,-0.00
230,Exit Long,Close Long,2016-01-13T00:00:00.000Z,97.3900,100,0.00,0.00,-0.00
231,Entry Long,Long,N/A,99.5200,100,0.00,0.00,-0.00
231,Exit Long,Close Long,2016-01-14T00:00:00.000Z,99.5200,100,0.00,0.00,-0.00
232,Entry Long,Long,N/A,97.1300,100,0.00,0.00,-0.00
232,Exit Long,Close Long,2016-01-15T00:00:00.000Z,97.1300,100,0.00,0.00,-0.00
233,Entry Long,Long,N/A,96.6600,100,0.00,0.00,-0.00
233,Exit Long,Close Long,2016-01-19T00:00:00.000Z,96.6600,100,-0.00,-0.00,-0.00
234,Entry Long,Long,N/A,96.7900,100,0.00,0.00,-0.00
234,Exit Long,Close Long,2016-01-20T00:00:00.000Z,96.7900,100,-0.00,-0.00,-0.00
235,Entry Long,Long,N/A,96.3000,100,0.00,0.00,-0.00
235,Exit Long,Close Long,2016-01-21T00:00:00.000Z,96.3000,100,0.00,0.00,-0.00
236,Entry Long,Long,N/A,101.4200,100,0.00,0.00,-0.00
236,Exit Long,Close Long,2016-01-22T00:00:00.000Z,101.4200,100,-0.00,-0.00,-0.00
237,Entry Long,Long,N/A,99.4400,100,0.00,0.00,-0.00
237,Exit Long,Close Long,2016-01-25T00:00:00.000Z,99.4400,100,0.00,0.00,-0.00
238,Entry Long,Long,N/A,99.9900,100,0.00,0.00,-0.00
238,Exit Long,Close Long,2016-01-26T00:00:00.000Z,99.9900,100,0.00,0.00,-0.00
239,Entry Long,Long,N/A,93.4200,100,0.00,0.00,-0.00
239,Exit Long,Close Long,2016-01-27T00:00:00.000Z,93.4200,100,-0.00,-0.00,-0.00
240,Entry Long,Long,N/A,94.0900,100,0.00,0.00,-0.00
240,Exit Long,Close Long,2016-01-28T00:00:00.000Z,94.0900,100,0.00,0.00,-0.00
241,Entry Long,Long,N/A,97.3400,100,0.00,0.00,-0.00
241,Exit Long,Close Long,2016-01-29T00:00:00.000Z,97.3400,100,0.00,0.00,-0.00
242,Entry Long,Long,N/A,96.4300,100,0.00,0.00,-0.00
242,Exit Long,Close Long,2016-02-01T00:00:00.000Z,96.4300,100,0.00,0.00,-0.00
243,Entry Long,Long,N/A,94.4800,100,0.00,0.00,-0.00
243,Exit Long,Close Long,2016-02-02T00:00:00.000Z,94.4800,100,0.00,0.00,-0.00
244,Entry Long,Long,N/A,96.3500,100,0.00,0.00,-0.00
244,Exit Long,Close Long,2016-02-03T00:00:00.000Z,96.3500,100,0.00,0.00,-0.00
245,Entry Long,Long,N/A,96.6000,100,0.00,0.00,-0.00
245,Exit Long,Close Long,2016-02-04T00:00:00.000Z,96.6000,100,0.00,0.00,-0.00
246,Entry Long,Long,N/A,94.0200,100,0.00,0.00,-0.00
246,Exit Long,Close Long,2016-02-05T00:00:00.000Z,94.0200,100,0.00,0.00,-0.00
247,Entry Long,Long,N/A,95.0100,100,0.00,0.00,-0.00
247,Exit Long,Close Long,2016-02-08T00:00:00.000Z,95.0100,100,0.00,0.00,-0.00
248,Entry Long,Long,N/A,94.9900,100,0.00,0.00,-0.00
248,Exit Long,Close Long,2016-02-09T00:00:00.000Z,94.9900,100,0.00,0.00,-0.00
249,Entry Long,Long,N/A,94.2700,100,0.00,0.00,-0.00
249,Exit Long,Close Long,2016-02-10T00:00:00.000Z,94.2700,100,0.00,0.00,-0.00
250,Entry Long,Long,N/A,93.7000,100,0.00,0.00,-0.00
250,Exit Long,Close Long,2016-02-11T00:00:00.000Z,93.7000,100,0.00,0.00,-0.00
251,Entry Long,Long,N/A,93.9900,100,0.00,0.00,-0.00
251,Exit Long,Close Long,2016-02-12T00:00:00.000Z,93.9900,100,0.00,0.00,-0.00
252,Entry Long,Long,N/A,96.6400,100,0.00,0.00,-0.00
252,Exit Long,Close Long,2016-02-16T00:00:00.000Z,96.6400,100,0.00,0.00,-0.00
253,Entry Long,Long,N/A,98.1200,100,0.00,0.00,-0.00
253,Exit Long,Close Long,2016-02-17T00:00:00.000Z,98.1200,100,0.00,0.00,-0.00
254,Entry Long,Long,N/A,96.2600,100,0.00,0.00,-0.00
254,Exit Long,Close Long,2016-02-18T00:00:00.000Z,96.2600,100,0.00,0.00,-0.00
255,Entry Long,Long,N/A,96.0400,100,0.00,0.00,-0.00
255,Exit Long,Close Long,2016-02-19T00:00:00.000Z,96.0400,100,-0.00,-0.00,-0.00
256,Entry Long,Long,N/A,96.8800,100,0.00,0.00,-0.00
256,Exit Long,Close Long,2016-02-22T00:00:00.000Z,96.8800,100,0.00,0.00,-0.00
257,Entry Long,Long,N/A,94.6900,100,0.00,0.00,-0.00
257,Exit Long,Close Long,2016-02-23T00:00:00.000Z,94.6900,100,0.00,0.00,-0.00
258,Entry Long,Long,N/A,96.1000,100,0.00,0.00,-0.00
258,Exit Long,Close Long,2016-02-24T00:00:00.000Z,96.1000,100,0.00,0.00,-0.00
259,Entry Long,Long,N/A,96.7600,100,0.00,0.00,-0.00
259,Exit Long,Close Long,2016-02-25T00:00:00.000Z,96.7600,100,0.00,0.00,-0.00
260,Entry Long,Long,N/A,96.9100,100,0.00,0.00,-0.00
260,Exit Long,Close Long,2016-02-26T00:00:00.000Z,96.9100,100,-0.00,-0.00,-0.00
261,Entry Long,Long,N/A,96.6900,100,0.00,0.00,-0.00
261,Exit Long,Close Long,2016-02-29T00:00:00.000Z,96.6900,100,0.00,0.00,-0.00
262,Entry Long,Long,N/A,100.5300,100,0.00,0.00,-0.00
262,Exit Long,Close Long,2016-03-01T00:00:00.000Z,100.5300,100,0.00,0.00,-0.00
263,Entry Long,Long,N/A,100.7500,100,0.00,0.00,-0.00
263,Exit Long,Close Long,2016-03-02T00:00:00.000Z,100.7500,100,0.00,0.00,-0.00
264,Entry Long,Long,N/A,101.5000,100,0.00,0.00,-0.00
264,Exit Long,Close Long,2016-03-03T00:00:00.000Z,101.5000,100,0.00,0.00,-0.00
265,Entry Long,Long,N/A,103.0100,100,0.00,0.00,-0.00
265,Exit Long,Close Long,2016-03-04T00:00:00.000Z,103.0100,100,0.00,0.00,-0.00
266,Entry Long,Long,N/A,101.8700,100,0.00,0.00,-0.00
266,Exit Long,Close Long,2016-03-07T00:00:00.000Z,101.8700,100,0.00,0.00,-0.00
267,Entry Long,Long,N/A,101.0300,100,0.00,0.00,-0.00
267,Exit Long,Close Long,2016-03-08T00:00:00.000Z,101.0300,100,0.00,0.00,-0.00
268,Entry Long,Long,N/A,101.1200,100,0.00,0.00,-0.00
268,Exit Long,Close Long,2016-03-09T00:00:00.000Z,101.1200,100,0.00,0.00,-0.00
269,Entry Long,Long,N/A,101.1700,100,0.00,0.00,-0.00
269,Exit Long,Close Long,2016-03-10T00:00:00.000Z,101.1700,100,-0.00,-0.00,-0.00
270,Entry Long,Long,N/A,102.2600,100,0.00,0.00,-0.00
270,Exit Long,Close Long,2016-03-11T00:00:00.000Z,102.2600,100,0.00,0.00,-0.00
271,Entry Long,Long,N/A,102.5200,100,0.00,0.00,-0.00
271,Exit Long,Close Long,2016-03-14T00:00:00.000Z,102.5200,100,0.00,0.00,-0.00
272,Entry Long,Long,N/A,104.5800,100,0.00,0.00,-0.00
272,Exit Long,Close Long,2016-03-15T00:00:00.000Z,104.5800,100,0.00,0.00,-0.00
273,Entry Long,Long,N/A,105.9700,100,0.00,0.00,-0.00
273,Exit Long,Close Long,2016-03-16T00:00:00.000Z,105.9700,100,0.00,0.00,-0.00
274,Entry Long,Long,N/A,105.8000,100,0.00,0.00,-0.00
274,Exit Long,Close Long,2016-03-17T00:00:00.000Z,105.8000,100,0.00,0.00,-0.00
275,Entry Long,Long,N/A,105.9200,100,0.00,0.00,-0.00
275,Exit Long,Close Long,2016-03-18T00:00:00.000Z,105.9200,100,-0.00,-0.00,-0.00
276,Entry Long,Long,N/A,105.9100,100,0.00,0.00,-0.00
276,Exit Long,Close Long,2016-03-21T00:00:00.000Z,105.9100,100,-0.00,-0.00,-0.00
277,Entry Long,Long,N/A,106.7200,100,0.00,0.00,-0.00
277,Exit Long,Close Long,2016-03-22T00:00:00.000Z,106.7200,100,0.00,0.00,-0.00
278,Entry Long,Long,N/A,106.1300,100,0.00,0.00,-0.00
278,Exit Long,Close Long,2016-03-23T00:00:00.000Z,106.1300,100,0.00,0.00,-0.00
279,Entry Long,Long,N/A,105.6700,100,0.00,0.00,-0.00
279,Exit Long,Close Long,2016-03-24T00:00:00.000Z,105.6700,100,-0.00,-0.00,-0.00
280,Entry Long,Long,N/A,105.1900,100,0.00,0.00,-0.00
280,Exit Long,Close Long,2016-03-28T00:00:00.000Z,105.1900,100,0.00,0.00,-0.00
281,Entry Long,Long,N/A,107.6800,100,0.00,0.00,-0.00
281,Exit Long,Close Long,2016-03-29T00:00:00.000Z,107.6800,100,0.00,0.00,-0.00
282,Entry Long,Long,N/A,109.5600,100,0.00,0.00,-0.00
282,Exit Long,Close Long,2016-03-30T00:00:00.000Z,109.5600,100,0.00,0.00,-0.00
283,Entry Long,Long,N/A,108.9900,100,0.00,0.00,-0.00
283,Exit Long,Close Long,2016-03-31T00:00:00.000Z,108.9900,100,0.00,0.00,-0.00
284,Entry Long,Long,N/A,109.9900,100,0.00,0.00,-0.00
284,Exit Long,Close Long,2016-04-01T00:00:00.000Z,109.9900,100,0.00,0.00,-0.00
285,Entry Long,Long,N/A,111.1200,100,0.00,0.00,-0.00
285,Exit Long,Close Long,2016-04-04T00:00:00.000Z,111.1200,100,0.00,0.00,-0.00
286,Entry Long,Long,N/A,109.8100,100,0.00,0.00,-0.00
286,Exit Long,Close Long,2016-04-05T00:00:00.000Z,109.8100,100,0.00,0.00,-0.00
287,Entry Long,Long,N/A,110.9600,100,0.00,0.00,-0.00
287,Exit Long,Close Long,2016-04-06T00:00:00.000Z,110.9600,100,0.00,0.00,-0.00
288,Entry Long,Long,N/A,108.5400,100,0.00,0.00,-0.00
288,Exit Long,Close Long,2016-04-07T00:00:00.000Z,108.5400,100,-0.00,-0.00,-0.00
289,Entry Long,Long,N/A,108.6600,100,0.00,0.00,-0.00
289,Exit Long,Close Long,2016-04-08T00:00:00.000Z,108.6600,100,-0.00,-0.00,-0.00
290,Entry Long,Long,N/A,109.0200,100,0.00,0.00,-0.00
290,Exit Long,Close Long,2016-04-11T00:00:00.000Z,109.0200,100,0.00,0.00,-0.00
291,Entry Long,Long,N/A,110.4400,100,0.00,0.00,-0.00
291,Exit Long,Close Long,2016-04-12T00:00:00.000Z,110.4400,100,0.00,0.00,-0.00
292,Entry Long,Long,N/A,112.0400,100,0.00,0.00,-0.00
292,Exit Long,Close Long,2016-04-13T00:00:00.000Z,112.0400,100,-0.00,-0.00,-0.00
293,Entry Long,Long,N/A,112.1000,100,0.00,0.00,-0.00
293,Exit Long,Close Long,2016-04-14T00:00:00.000Z,112.1000,100,0.00,0.00,-0.00
294,Entry Long,Long,N/A,109.8500,100,0.00,0.00,-0.00
294,Exit Long,Close Long,2016-04-15T00:00:00.000Z,109.8500,100,0.00,0.00,-0.00
295,Entry Long,Long,N/A,107.4800,100,0.00,0.00,-0.00
295,Exit Long,Close Long,2016-04-18T00:00:00.000Z,107.4800,100,0.00,0.00,-0.00
296,Entry Long,Long,N/A,106.9100,100,0.00,0.00,-0.00
296,Exit Long,Close Long,2016-04-19T00:00:00.000Z,106.9100,100,-0.00,-0.00,-0.00
297,Entry Long,Long,N/A,107.1300,100,0.00,0.00,-0.00
297,Exit Long,Close Long,2016-04-20T00:00:00.000Z,107.1300,100,0.00,0.00,-0.00
298,Entry Long,Long,N/A,105.9700,100,0.00,0.00,-0.00
298,Exit Long,Close Long,2016-04-21T00:00:00.000Z,105.9700,100,0.00,0.00,-0.00
299,Entry Long,Long,N/A,105.6800,100,0.00,0.00,-0.00
299,Exit Long,Close Long,2016-04-22T00:00:00.000Z,105.6800,100,0.00,0.00,-0.00
300,Entry Long,Long,N/A,105.0800,100,0.00,0.00,-0.00
300,Exit Long,Close Long,2016-04-25T00:00:00.000Z,105.0800,100,0.00,0.00,-0.00
301,Entry Long,Long,N/A,104.3500,100,0.00,0.00,-0.00
301,Exit Long,Close Long,2016-04-26T00:00:00.000Z,104.3500,100,0.00,0.00,-0.00
302,Entry Long,Long,N/A,97.8200,100,0.00,0.00,-0.00
302,Exit Long,Close Long,2016-04-27T00:00:00.000Z,97.8200,100,0.00,0.00,-0.00
303,Entry Long,Long,N/A,94.8300,100,0.00,0.00,-0.00
303,Exit Long,Close Long,2016-04-28T00:00:00.000Z,94.8300,100,0.00,0.00,-0.00
304,Entry Long,Long,N/A,93.7400,100,0.00,0.00,-0.00
304,Exit Long,Close Long,2016-04-29T00:00:00.000Z,93.7400,100,0.00,0.00,-0.00
305,Entry Long,Long,N/A,93.6400,100,0.00,0.00,-0.00
305,Exit Long,Close Long,2016-05-02T00:00:00.000Z,93.6400,100,0.00,0.00,-0.00
306,Entry Long,Long,N/A,95.1800,100,0.00,0.00,-0.00
306,Exit Long,Close Long,2016-05-03T00:00:00.000Z,95.1800,100,0.00,0.00,-0.00
307,Entry Long,Long,N/A,94.1900,100,0.00,0.00,-0.00
307,Exit Long,Close Long,2016-05-04T00:00:00.000Z,94.1900,100,0.00,0.00,-0.00
308,Entry Long,Long,N/A,93.2400,100,0.00,0.00,-0.00
308,Exit Long,Close Long,2016-05-05T00:00:00.000Z,93.2400,100,0.00,0.00,-0.00
309,Entry Long,Long,N/A,92.7200,100,0.00,0.00,-0.00
309,Exit Long,Close Long,2016-05-06T00:00:00.000Z,92.7200,100,0.00,0.00,-0.00
310,Entry Long,Long,N/A,92.7900,100,0.00,0.00,-0.00
310,Exit Long,Close Long,2016-05-09T00:00:00.000Z,92.7900,100,-0.00,-0.00,-0.00
311,Entry Long,Long,N/A,93.4200,100,0.00,0.00,-0.00
311,Exit Long,Close Long,2016-05-10T00:00:00.000Z,93.4200,100,-0.00,-0.00,-0.00
312,Entry Long,Long,N/A,92.5100,100,0.00,0.00,-0.00
312,Exit Long,Close Long,2016-05-11T00:00:00.000Z,92.5100,100,0.00,0.00,-0.00
313,Entry Long,Long,N/A,90.3400,100,0.00,0.00,-0.00
313,Exit Long,Close Long,2016-05-12T00:00:00.000Z,90.3400,100,0.00,0.00,-0.00
314,Entry Long,Long,N/A,90.5200,100,0.00,0.00,-0.00
314,Exit Long,Close Long,2016-05-13T00:00:00.000Z,90.5200,100,0.00,0.00,-0.00
315,Entry Long,Long,N/A,93.8800,100,0.00,0.00,-0.00
315,Exit Long,Close Long,2016-05-16T00:00:00.000Z,93.8800,100,0.00,0.00,-0.00
316,Entry Long,Long,N/A,93.4900,100,0.00,0.00,-0.00
316,Exit Long,Close Long,2016-05-17T00:00:00.000Z,93.4900,100,0.00,0.00,-0.00
317,Entry Long,Long,N/A,94.5600,100,0.00,0.00,-0.00
317,Exit Long,Close Long,2016-05-18T00:00:00.000Z,94.5600,100,0.00,0.00,-0.00
318,Entry Long,Long,N/A,94.2000,100,0.00,0.00,-0.00
318,Exit Long,Close Long,2016-05-19T00:00:00.000Z,94.2000,100,0.00,0.00,-0.00
319,Entry Long,Long,N/A,95.2200,100,0.00,0.00,-0.00
319,Exit Long,Close Long,2016-05-20T00:00:00.000Z,95.2200,100,0.00,0.00,-0.00
320,Entry Long,Long,N/A,96.4300,100,0.00,0.00,-0.00
320,Exit Long,Close Long,2016-05-23T00:00:00.000Z,96.4300,100,0.00,0.00,-0.00
321,Entry Long,Long,N/A,97.9000,100,0.00,0.00,-0.00
321,Exit Long,Close Long,2016-05-24T00:00:00.000Z,97.9000,100,0.00,0.00,-0.00
322,Entry Long,Long,N/A,99.6200,100,0.00,0.00,-0.00
322,Exit Long,Close Long,2016-05-25T00:00:00.000Z,99.6200,100,0.00,0.00,-0.00
323,Entry Long,Long,N/A,100.4100,100,0.00,0.00,-0.00
323,Exit Long,Close Long,2016-05-26T00:00:00.000Z,100.4100,100,-0.00,-0.00,-0.00
324,Entry Long,Long,N/A,100.3500,100,0.00,0.00,-0.00
324,Exit Long,Close Long,2016-05-27T00:00:00.000Z,100.3500,100,0.00,0.00,-0.00
325,Entry Long,Long,N/A,99.8600,100,0.00,0.00,-0.00
325,Exit Long,Close Long,2016-05-31T00:00:00.000Z,99.8600,100,0.00,0.00,-0.00
326,Entry Long,Long,N/A,98.4600,100,0.00,0.00,-0.00
326,Exit Long,Close Long,2016-06-01T00:00:00.000Z,98.4600,100,0.00,0.00,-0.00
327,Entry Long,Long,N/A,97.7200,100,0.00,0.00,-0.00
327,Exit Long,Close Long,2016-06-02T00:00:00.000Z,97.7200,100,0.00,0.00,-0.00
328,Entry Long,Long,N/A,97.9200,100,0.00,0.00,-0.00
328,Exit Long,Close Long,2016-06-03T00:00:00.000Z,97.9200,100,-0.00,-0.00,-0.00
329,Entry Long,Long,N/A,98.6300,100,0.00,0.00,-0.00
329,Exit Long,Close Long,2016-06-06T00:00:00.000Z,98.6300,100,0.00,0.00,-0.00
330,Entry Long,Long,N/A,99.0300,100,0.00,0.00,-0.00
330,Exit Long,Close Long,2016-06-07T00:00:00.000Z,99.0300,100,0.00,0.00,-0.00
331,Entry Long,Long,N/A,98.9400,100,0.00,0.00,-0.00
331,Exit Long,Close Long,2016-06-08T00:00:00.000Z,98.9400,100,0.00,0.00,-0.00
332,Entry Long,Long,N/A,99.6500,100,0.00,0.00,-0.00
332,Exit Long,Close Long,2016-06-09T00:00:00.000Z,99.6500,100,0.00,0.00,-0.00
333,Entry Long,Long,N/A,98.8300,100,0.00,0.00,-0.00
333,Exit Long,Close Long,2016-06-10T00:00:00.000Z,98.8300,100,0.00,0.00,-0.00
334,Entry Long,Long,N/A,97.3400,100,0.00,0.00,-0.00
334,Exit Long,Close Long,2016-06-13T00:00:00.000Z,97.3400,100,0.00,0.00,-0.00
335,Entry Long,Long,N/A,97.4600,100,0.00,0.00,-0.00
335,Exit Long,Close Long,2016-06-14T00:00:00.000Z,97.4600,100,0.00,0.00,-0.00
336,Entry Long,Long,N/A,97.1400,100,0.00,0.00,-0.00
336,Exit Long,Close Long,2016-06-15T00:00:00.000Z,97.1400,100,0.00,0.00,-0.00
337,Entry Long,Long,N/A,97.5500,100,0.00,0.00,-0.00
337,Exit Long,Close Long,2016-06-16T00:00:00.000Z,97.5500,100,0.00,0.00,-0.00
338,Entry Long,Long,N/A,95.3300,100,0.00,0.00,-0.00
338,Exit Long,Close Long,2016-06-17T00:00:00.000Z,95.3300,100,0.00,0.00,-0.00
339,Entry Long,Long,N/A,95.1000,100,0.00,0.00,-0.00
339,Exit Long,Close Long,2016-06-20T00:00:00.000Z,95.1000,100,0.00,0.00,-0.00
340,Entry Long,Long,N/A,95.9100,100,0.00,0.00,-0.00
340,Exit Long,Close Long,2016-06-21T00:00:00.000Z,95.9100,100,-0.00,-0.00,-0.00
341,Entry Long,Long,N/A,95.5500,100,0.00,0.00,-0.00
341,Exit Long,Close Long,2016-06-22T00:00:00.000Z,95.5500,100,0.00,0.00,-0.00
342,Entry Long,Long,N/A,96.1000,100,0.00,0.00,-0.00
342,Exit Long,Close Long,2016-06-23T00:00:00.000Z,96.1000,100,0.00,0.00,-0.00
343,Entry Long,Long,N/A,93.4000,100,0.00,0.00,-0.00
343,Exit Long,Close Long,2016-06-24T00:00:00.000Z,93.4000,100,0.00,0.00,-0.00
344,Entry Long,Long,N/A,92.0400,100,0.00,0.00,-0.00
344,Exit Long,Close Long,2016-06-27T00:00:00.000Z,92.0400,100,-0.00,-0.00,-0.00
345,Entry Long,Long,N/A,93.5900,100,0.00,0.00,-0.00
345,Exit Long,Close Long,2016-06-28T00:00:00.000Z,93.5900,100,0.00,0.00,-0.00
346,Entry Long,Long,N/A,94.4000,100,0.00,0.00,-0.00
346,Exit Long,Close Long,2016-06-29T00:00:00.000Z,94.4000,100,0.00,0.00,-0.00
347,Entry Long,Long,N/A,95.6000,100,0.00,0.00,-0.00
347,Exit Long,Close Long,2016-06-30T00:00:00.000Z,95.6000,100,0.00,0.00,-0.00
348,Entry Long,Long,N/A,95.8900,100,0.00,0.00,-0.00
348,Exit Long,Close Long,2016-07-01T00:00:00.000Z,95.8900,100,0.00,0.00,-0.00
349,Entry Long,Long,N/A,94.9900,100,0.00,0.00,-0.00
349,Exit Long,Close Long,2016-07-05T00:00:00.000Z,94.9900,100,0.00,0.00,-0.00
350,Entry Long,Long,N/A,95.5300,100,0.00,0.00,-0.00
350,Exit Long,Close Long,2016-07-06T00:00:00.000Z,95.5300,100,0.00,0.00,-0.00
351,Entry Long,Long,N/A,95.9400,100,0.00,0.00,-0.00
351,Exit Long,Close Long,2016-07-07T00:00:00.000Z,95.9400,100,0.00,0.00,-0.00
352,Entry Long,Long,N/A,96.6800,100,0.00,0.00,-0.00
352,Exit Long,Close Long,2016-07-08T00:00:00.000Z,96.6800,100,0.00,0.00,-0.00
353,Entry Long,Long,N/A,96.9800,100,0.00,0.00,-0.00
353,Exit Long,Close Long,2016-07-11T00:00:00.000Z,96.9800,100,0.00,0.00,-0.00
354,Entry Long,Long,N/A,97.4200,100,0.00,0.00,-0.00
354,Exit Long,Close Long,2016-07-12T00:00:00.000Z,97.4200,100,-0.00,-0.00,-0.00
355,Entry Long,Long,N/A,96.8700,100,0.00,0.00,-0.00
355,Exit Long,Close Long,2016-07-13T00:00:00.000Z,96.8700,100,0.00,0.00,-0.00
356,Entry Long,Long,N/A,98.7900,100,0.00,0.00,-0.00
356,Exit Long,Close Long,2016-07-14T00:00:00.000Z,98.7900,100,-0.00,-0.00,-0.00
357,Entry Long,Long,N/A,98.7800,100,0.00,0.00,-0.00
357,Exit Long,Close Long,2016-07-15T00:00:00.000Z,98.7800,100,0.00,0.00,-0.00
358,Entry Long,Long,N/A,99.8300,100,0.00,0.00,-0.00
358,Exit Long,Close Long,2016-07-18T00:00:00.000Z,99.8300,100,0.00,0.00,-0.00
359,Entry Long,Long,N/A,99.8700,100,0.00,0.00,-0.00
359,Exit Long,Close Long,2016-07-19T00:00:00.000Z,99.8700,100,0.00,0.00,-0.00
360,Entry Long,Long,N/A,99.9600,100,0.00,0.00,-0.00
360,Exit Long,Close Long,2016-07-20T00:00:00.000Z,99.9600,100,0.00,0.00,-0.00
361,Entry Long,Long,N/A,99.4300,100,0.00,0.00,-0.00
361,Exit Long,Close Long,2016-07-21T00:00:00.000Z,99.4300,100,0.00,0.00,-0.00
362,Entry Long,Long,N/A,98.6600,100,0.00,0.00,-0.00
362,Exit Long,Close Long,2016-07-22T00:00:00.000Z,98.6600,100,-0.00,-0.00,-0.00
363,Entry Long,Long,N/A,97.3400,100,0.00,0.00,-0.00
363,Exit Long,Close Long,2016-07-25T00:00:00.000Z,97.3400,100,0.00,0.00,-0.00
364,Entry Long,Long,N/A,96.6700,100,0.00,0.00,-0.00
364,Exit Long,Close Long,2016-07-26T00:00:00.000Z,96.6700,100,-0.00,-0.00,-0.00
365,Entry Long,Long,N/A,102.9500,100,0.00,0.00,-0.00
365,Exit Long,Close Long,2016-07-27T00:00:00.000Z,102.9500,100,0.00,0.00,-0.00
366,Entry Long,Long,N/A,104.3400,100,0.00,0.00,-0.00
366,Exit Long,Close Long,2016-07-28T00:00:00.000Z,104.3400,100,0.00,0.00,-0.00
367,Entry Long,Long,N/A,104.2100,100,0.00,0.00,-0.00
367,Exit Long,Close Long,2016-07-29T00:00:00.000Z,104.2100,100,0.00,0.00,-0.00
368,Entry Long,Long,N/A,106.0500,100,0.00,0.00,-0.00
368,Exit Long,Close Long,2016-08-01T00:00:00.000Z,106.0500,100,0.00,0.00,-0.00
369,Entry Long,Long,N/A,104.4800,100,0.00,0.00,-0.00
369,Exit Long,Close Long,2016-08-02T00:00:00.000Z,104.4800,100,0.00,0.00,-0.00
370,Entry Long,Long,N/A,105.7900,100,0.00,0.00,-0.00
370,Exit Long,Close Long,2016-08-03T00:00:00.000Z,105.7900,100,-0.00,-0.00,-0.00
371,Entry Long,Long,N/A,105.8700,100,0.00,0.00,-0.00
371,Exit Long,Close Long,2016-08-04T00:00:00.000Z,105.8700,100,0.00,0.00,-0.00
372,Entry Long,Long,N/A,107.4800,100,0.00,0.00,-0.00
372,Exit Long,Close Long,2016-08-05T00:00:00.000Z,107.4800,100,0.00,0.00,-0.00
373,Entry Long,Long,N/A,108.3700,100,0.00,0.00,-0.00
373,Exit Long,Close Long,2016-08-08T00:00:00.000Z,108.3700,100,0.00,0.00,-0.00
374,Entry Long,Long,N/A,108.8100,100,0.00,0.00,-0.00
374,Exit Long,Close Long,2016-08-09T00:00:00.000Z,108.8100,100,0.00,0.00,-0.00
375,Entry Long,Long,N/A,108.0000,100,0.00,0.00,-0.00
375,Exit Long,Close Long,2016-08-10T00:00:00.000Z,108.0000,100,0.00,0.00,-0.00
376,Entry Long,Long,N/A,107.9300,100,0.00,0.00,-0.00
376,Exit Long,Close Long,2016-08-11T00:00:00.000Z,107.9300,100,0.00,0.00,-0.00
377,Entry Long,Long,N/A,108.1800,100,0.00,0.00,-0.00
377,Exit Long,Close Long,2016-08-12T00:00:00.000Z,108.1800,100,0.00,0.00,-0.00
378,Entry Long,Long,N/A,109.4800,100,0.00,0.00,-0.00
378,Exit Long,Close Long,2016-08-15T00:00:00.000Z,109.4800,100,0.00,0.00,-0.00
379,Entry Long,Long,N/A,109.3800,100,0.00,0.00,-0.00
379,Exit Long,Close Long,2016-08-16T00:00:00.000Z,109.3800,100,0.00,0.00,-0.00
380,Entry Long,Long,N/A,109.2200,100,0.00,0.00,-0.00
380,Exit Long,Close Long,2016-08-17T00:00:00.000Z,109.2200,100,0.00,0.00,-0.00
381,Entry Long,Long,N/A,109.0800,100,0.00,0.00,-0.00
381,Exit Long,Close Long,2016-08-18T00:00:00.000Z,109.0800,100,0.00,0.00,-0.00
382,Entry Long,Long,N/A,109.3600,100,0.00,0.00,-0.00
382,Exit Long,Close Long,2016-08-19T00:00:00.000Z,109.3600,100,0.00,0.00,-0.00
383,Entry Long,Long,N/A,108.5100,100,0.00,0.00,-0.00
383,Exit Long,Close Long,2016-08-22T00:00:00.000Z,108.5100,100,0.00,0.00,-0.00
384,Entry Long,Long,N/A,108.8500,100,0.00,0.00,-0.00
384,Exit Long,Close Long,2016-08-23T00:00:00.000Z,108.8500,100,0.00,0.00,-0.00
385,Entry Long,Long,N/A,108.0300,100,0.00,0.00,-0.00
385,Exit Long,Close Long,2016-08-24T00:00:00.000Z,108.0300,100,0.00,0.00,-0.00
386,Entry Long,Long,N/A,107.5700,100,0.00,0.00,-0.00
386,Exit Long,Close Long,2016-08-25T00:00:00.000Z,107.5700,100,0.00,0.00,-0.00
387,Entry Long,Long,N/A,106.9400,100,0.00,0.00,-0.00
387,Exit Long,Close Long,2016-08-26T00:00:00.000Z,106.9400,100,0.00,0.00,-0.00
388,Entry Long,Long,N/A,106.8200,100,0.00,0.00,-0.00
388,Exit Long,Close Long,2016-08-29T00:00:00.000Z,106.8200,100,0.00,0.00,-0.00
389,Entry Long,Long,N/A,106.0000,100,0.00,0.00,-0.00
389,Exit Long,Close Long,2016-08-30T00:00:00.000Z,106.0000,100,0.00,0.00,-0.00
390,Entry Long,Long,N/A,106.1000,100,0.00,0.00,-0.00
390,Exit Long,Close Long,2016-08-31T00:00:00.000Z,106.1000,100,0.00,0.00,-0.00
391,Entry Long,Long,N/A,106.7300,100,0.00,0.00,-0.00
391,Exit Long,Close Long,2016-09-01T00:00:00.000Z,106.7300,100,0.00,0.00,-0.00
392,Entry Long,Long,N/A,107.7300,100,0.00,0.00,-0.00
392,Exit Long,Close Long,2016-09-02T00:00:00.000Z,107.7300,100,0.00,0.00,-0.00
393,Entry Long,Long,N/A,107.7000,100,0.00,0.00,-0.00
393,Exit Long,Close Long,2016-09-06T00:00:00.000Z,107.7000,100,0.00,0.00,-0.00
394,Entry Long,Long,N/A,108.3600,100,0.00,0.00,-0.00
394,Exit Long,Close Long,2016-09-07T00:00:00.000Z,108.3600,100,0.00,0.00,-0.00
395,Entry Long,Long,N/A,105.5200,100,0.00,0.00,-0.00
395,Exit Long,Close Long,2016-09-08T00:00:00.000Z,105.5200,100,0.00,0.00,-0.00
396,Entry Long,Long,N/A,103.1300,100,0.00,0.00,-0.00
396,Exit Long,Close Long,2016-09-09T00:00:00.000Z,103.1300,100,0.00,0.00,-0.00
397,Entry Long,Long,N/A,105.4400,100,0.00,0.00,-0.00
397,Exit Long,Close Long,2016-09-12T00:00:00.000Z,105.4400,100,0.00,0.00,-0.00
398,Entry Long,Long,N/A,107.9500,100,0.00,0.00,-0.00
398,Exit Long,Close Long,2016-09-13T00:00:00.000Z,107.9500,100,0.00,0.00,-0.00
399,Entry Long,Long,N/A,111.7700,100,0.00,0.00,-0.00
399,Exit Long,Close Long,2016-09-14T00:00:00.000Z,111.7700,100,0.00,0.00,-0.00
400,Entry Long,Long,N/A,115.5700,100,0.00,0.00,-0.00
400,Exit Long,Close Long,2016-09-15T00:00:00.000Z,115.5700,100,0.00,0.00,-0.00
401,Entry Long,Long,N/A,114.9200,100,0.00,0.00,-0.00
401,Exit Long,Close Long,2016-09-16T00:00:00.000Z,114.9200,100,-0.00,-0.00,-0.00
402,Entry Long,Long,N/A,113.5800,100,0.00,0.00,-0.00
402,Exit Long,Close Long,2016-09-19T00:00:00.000Z,113.5800,100,0.00,0.00,-0.00
403,Entry Long,Long,N/A,113.5700,100,0.00,0.00,-0.00
403,Exit Long,Close Long,2016-09-20T00:00:00.000Z,113.5700,100,0.00,0.00,-0.00
404,Entry Long,Long,N/A,113.5500,100,0.00,0.00,-0.00
404,Exit Long,Close Long,2016-09-21T00:00:00.000Z,113.5500,100,0.00,0.00,-0.00
405,Entry Long,Long,N/A,114.6200,100,0.00,0.00,-0.00
405,Exit Long,Close Long,2016-09-22T00:00:00.000Z,114.6200,100,0.00,0.00,-0.00
406,Entry Long,Long,N/A,112.7100,100,0.00,0.00,-0.00
406,Exit Long,Close Long,2016-09-23T00:00:00.000Z,112.7100,100,0.00,0.00,-0.00
407,Entry Long,Long,N/A,112.8800,100,0.00,0.00,-0.00
407,Exit Long,Close Long,2016-09-26T00:00:00.000Z,112.8800,100,0.00,0.00,-0.00
408,Entry Long,Long,N/A,113.0900,100,0.00,0.00,-0.00
408,Exit Long,Close Long,2016-09-27T00:00:00.000Z,113.0900,100,0.00,0.00,-0.00
409,Entry Long,Long,N/A,113.9500,100,0.00,0.00,-0.00
409,Exit Long,Close Long,2016-09-28T00:00:00.000Z,113.9500,100,0.00,0.00,-0.00
410,Entry Long,Long,N/A,112.1800,100,0.00,0.00,-0.00
410,Exit Long,Close Long,2016-09-29T00:00:00.000Z,112.1800,100,0.00,0.00,-0.00
411,Entry Long,Long,N/A,113.0500,100,0.00,0.00,-0.00
411,Exit Long,Close Long,2016-09-30T00:00:00.000Z,113.0500,100,0.00,0.00,-0.00
412,Entry Long,Long,N/A,112.5200,100,0.00,0.00,-0.00
412,Exit Long,Close Long,2016-10-03T00:00:00.000Z,112.5200,100,0.00,0.00,-0.00
413,Entry Long,Long,N/A,113.0000,100,0.00,0.00,-0.00
413,Exit Long,Close Long,2016-10-04T00:00:00.000Z,113.0000,100,0.00,0.00,-0.00
414,Entry Long,Long,N/A,113.0500,100,0.00,0.00,-0.00
414,Exit Long,Close Long,2016-10-05T00:00:00.000Z,113.0500,100,0.00,0.00,-0.00
415,Entry Long,Long,N/A,113.8900,100,0.00,0.00,-0.00
415,Exit Long,Close Long,2016-10-06T00:00:00.000Z,113.8900,100,0.00,0.00,-0.00
416,Entry Long,Long,N/A,114.0600,100,0.00,0.00,-0.00
416,Exit Long,Close Long,2016-10-07T00:00:00.000Z,114.0600,100,0.00,0.00,-0.00
417,Entry Long,Long,N/A,116.0500,100,0.00,0.00,-0.00
417,Exit Long,Close Long,2016-10-10T00:00:00.000Z,116.0500,100,0.00,0.00,-0.00
418,Entry Long,Long,N/A,116.3000,100,0.00,0.00,-0.00
418,Exit Long,Close Long,2016-10-11T00:00:00.000Z,116.3000,100,0.00,0.00,-0.00
419,Entry Long,Long,N/A,117.3400,100,0.00,0.00,-0.00
419,Exit Long,Close Long,2016-10-12T00:00:00.000Z,117.3400,100,0.00,0.00,-0.00
420,Entry Long,Long,N/A,116.9800,100,0.00,0.00,-0.00
420,Exit Long,Close Long,2016-10-13T00:00:00.000Z,116.9800,100,0.00,0.00,-0.00
421,Entry Long,Long,N/A,117.6300,100,0.00,0.00,-0.00
421,Exit Long,Close Long,2016-10-14T00:00:00.000Z,117.6300,100,0.00,0.00,-0.00
422,Entry Long,Long,N/A,117.5500,100,0.00,0.00,-0.00
422,Exit Long,Close Long,2016-10-17T00:00:00.000Z,117.5500,100,0.00,0.00,-0.00
423,Entry Long,Long,N/A,117.4700,100,0.00,0.00,-0.00
423,Exit Long,Close Long,2016-10-18T00:00:00.000Z,117.4700,100,0.00,0.00,-0.00
424,Entry Long,Long,N/A,117.1200,100,0.00,0.00,-0.00
424,Exit Long,Close Long,2016-10-19T00:00:00.000Z,117.1200,100,0.00,0.00,-0.00
425,Entry Long,Long,N/A,117.0600,100,0.00,0.00,-0.00
425,Exit Long,Close Long,2016-10-20T00:00:00.000Z,117.0600,100,0.00,0.00,-0.00
426,Entry Long,Long,N/A,116.6000,100,0.00,0.00,-0.00
426,Exit Long,Close Long,2016-10-21T00:00:00.000Z,116.6000,100,0.00,0.00,-0.00
427,Entry Long,Long,N/A,117.6500,100,0.00,0.00,-0.00
427,Exit Long,Close Long,2016-10-24T00:00:00.000Z,117.6500,100,0.00,0.00,-0.00
428,Entry Long,Long,N/A,118.2500,100,0.00,0.00,-0.00
428,Exit Long,Close Long,2016-10-25T00:00:00.000Z,118.2500,100,0.00,0.00,-0.00
429,Entry Long,Long,N/A,115.5900,100,0.00,0.00,-0.00
429,Exit Long,Close Long,2016-10-26T00:00:00.000Z,115.5900,100,0.00,0.00,-0.00
430,Entry Long,Long,N/A,114.4800,100,0.00,0.00,-0.00
430,Exit Long,Close Long,2016-10-27T00:00:00.000Z,114.4800,100,0.00,0.00,-0.00
431,Entry Long,Long,N/A,113.7200,100,0.00,0.00,-0.00
431,Exit Long,Close Long,2016-10-28T00:00:00.000Z,113.7200,100,0.00,0.00,-0.00
432,Entry Long,Long,N/A,113.5400,100,0.00,0.00,-0.00
432,Exit Long,Close Long,2016-10-31T00:00:00.000Z,113.5400,100,-0.00,-0.00,-0.00
433,Entry Long,Long,N/A,111.4900,100,0.00,0.00,-0.00
433,Exit Long,Close Long,2016-11-01T00:00:00.000Z,111.4900,100,0.00,0.00,-0.00
434,Entry Long,Long,N/A,111.5900,100,0.00,0.00,-0.00
434,Exit Long,Close Long,2016-11-02T00:00:00.000Z,111.5900,100,0.00,0.00,-0.00
435,Entry Long,Long,N/A,109.8300,100,0.00,0.00,-0.00
435,Exit Long,Close Long,2016-11-03T00:00:00.000Z,109.8300,100,0.00,0.00,-0.00
436,Entry Long,Long,N/A,108.8400,100,0.00,0.00,-0.00
436,Exit Long,Close Long,2016-11-04T00:00:00.000Z,108.8400,100,0.00,0.00,-0.00
437,Entry Long,Long,N/A,110.4100,100,0.00,0.00,-0.00
437,Exit Long,Close Long,2016-11-07T00:00:00.000Z,110.4100,100,-0.00,-0.00,-0.00
438,Entry Long,Long,N/A,111.0600,100,0.00,0.00,-0.00
438,Exit Long,Close Long,2016-11-08T00:00:00.000Z,111.0600,100,0.00,0.00,-0.00
439,Entry Long,Long,N/A,110.8800,100,0.00,0.00,-0.00
439,Exit Long,Close Long,2016-11-09T00:00:00.000Z,110.8800,100,0.00,0.00,-0.00
440,Entry Long,Long,N/A,107.7900,100,0.00,0.00,-0.00
440,Exit Long,Close Long,2016-11-10T00:00:00.000Z,107.7900,100,-0.00,-0.00,-0.00
441,Entry Long,Long,N/A,108.4300,100,0.00,0.00,-0.00
441,Exit Long,Close Long,2016-11-11T00:00:00.000Z,108.4300,100,0.00,0.00,-0.00
442,Entry Long,Long,N/A,105.7100,100,0.00,0.00,-0.00
442,Exit Long,Close Long,2016-11-14T00:00:00.000Z,105.7100,100,0.00,0.00,-0.00
443,Entry Long,Long,N/A,107.1100,100,0.00,0.00,-0.00
443,Exit Long,Close Long,2016-11-15T00:00:00.000Z,107.1100,100,0.00,0.00,-0.00
444,Entry Long,Long,N/A,109.9900,100,0.00,0.00,-0.00
444,Exit Long,Close Long,2016-11-16T00:00:00.000Z,109.9900,100,0.00,0.00,-0.00
445,Entry Long,Long,N/A,109.9500,100,0.00,0.00,-0.00
445,Exit Long,Close Long,2016-11-17T00:00:00.000Z,109.9500,100,0.00,0.00,-0.00
446,Entry Long,Long,N/A,110.0600,100,0.00,0.00,-0.00
446,Exit Long,Close Long,2016-11-18T00:00:00.000Z,110.0600,100,0.00,0.00,-0.00
447,Entry Long,Long,N/A,111.7300,100,0.00,0.00,-0.00
447,Exit Long,Close Long,2016-11-21T00:00:00.000Z,111.7300,100,0.00,0.00,-0.00
448,Entry Long,Long,N/A,111.8000,100,0.00,0.00,-0.00
448,Exit Long,Close Long,2016-11-22T00:00:00.000Z,111.8000,100,0.00,0.00,-0.00
449,Entry Long,Long,N/A,111.2300,100,0.00,0.00,-0.00
449,Exit Long,Close Long,2016-11-23T00:00:00.000Z,111.2300,100,0.00,0.00,-0.00
450,Entry Long,Long,N/A,111.7900,100,0.00,0.00,-0.00
450,Exit Long,Close Long,2016-11-25T00:00:00.000Z,111.7900,100,-0.00,-0.00,-0.00
451,Entry Long,Long,N/A,111.5700,100,0.00,0.00,-0.00
451,Exit Long,Close Long,2016-11-28T00:00:00.000Z,111.5700,100,0.00,0.00,-0.00
452,Entry Long,Long,N/A,111.4600,100,0.00,0.00,-0.00
452,Exit Long,Close Long,2016-11-29T00:00:00.000Z,111.4600,100,0.00,0.00,-0.00
453,Entry Long,Long,N/A,110.5200,100,0.00,0.00,-0.00
453,Exit Long,Close Long,2016-11-30T00:00:00.000Z,110.5200,100,0.00,0.00,-0.00
454,Entry Long,Long,N/A,109.4900,100,0.00,0.00,-0.00
454,Exit Long,Close Long,2016-12-01T00:00:00.000Z,109.4900,100,0.00,0.00,-0.00
455,Entry Long,Long,N/A,109.9000,100,0.00,0.00,-0.00
455,Exit Long,Close Long,2016-12-02T00:00:00.000Z,109.9000,100,0.00,0.00,-0.00
456,Entry Long,Long,N/A,109.1100,100,0.00,0.00,-0.00
456,Exit Long,Close Long,2016-12-05T00:00:00.000Z,109.1100,100,0.00,0.00,-0.00
457,Entry Long,Long,N/A,109.9500,100,0.00,0.00,-0.00
457,Exit Long,Close Long,2016-12-06T00:00:00.000Z,109.9500,100,0.00,0.00,-0.00
458,Entry Long,Long,N/A,111.0300,100,0.00,0.00,-0.00
458,Exit Long,Close Long,2016-12-07T00:00:00.000Z,111.0300,100,0.00,0.00,-0.00
459,Entry Long,Long,N/A,112.1200,100,0.00,0.00,-0.00
459,Exit Long,Close Long,2016-12-08T00:00:00.000Z,112.1200,100,0.00,0.00,-0.00
460,Entry Long,Long,N/A,113.9500,100,0.00,0.00,-0.00
460,Exit Long,Close Long,2016-12-09T00:00:00.000Z,113.9500,100,0.00,0.00,-0.00
461,Entry Long,Long,N/A,113.3000,100,0.00,0.00,-0.00
461,Exit Long,Close Long,2016-12-12T00:00:00.000Z,113.3000,100,0.00,0.00,-0.00
462,Entry Long,Long,N/A,115.1900,100,0.00,0.00,-0.00
462,Exit Long,Close Long,2016-12-13T00:00:00.000Z,115.1900,100,0.00,0.00,-0.00
463,Entry Long,Long,N/A,115.1900,100,0.00,0.00,-0.00
463,Exit Long,Close Long,2016-12-14T00:00:00.000Z,115.1900,100,0.00,0.00,-0.00
464,Entry Long,Long,N/A,115.8200,100,0.00,0.00,-0.00
464,Exit Long,Close Long,2016-12-15T00:00:00.000Z,115.8200,100,0.00,0.00,-0.00
465,Entry Long,Long,N/A,115.9700,100,0.00,0.00,-0.00
465,Exit Long,Close Long,2016-12-16T00:00:00.000Z,115.9700,100,0.00,0.00,-0.00
466,Entry Long,Long,N/A,116.6400,100,0.00,0.00,-0.00
466,Exit Long,Close Long,2016-12-19T00:00:00.000Z,116.6400,100,0.00,0.00,-0.00
467,Entry Long,Long,N/A,116.9500,100,0.00,0.00,-0.00
467,Exit Long,Close Long,2016-12-20T00:00:00.000Z,116.9500,100,0.00,0.00,-0.00
468,Entry Long,Long,N/A,117.0600,100,0.00,0.00,-0.00
468,Exit Long,Close Long,2016-12-21T00:00:00.000Z,117.0600,100,0.00,0.00,-0.00
469,Entry Long,Long,N/A,116.2900,100,0.00,0.00,-0.00
469,Exit Long,Close Long,2016-12-22T00:00:00.000Z,116.2900,100,-0.00,-0.00,-0.00
470,Entry Long,Long,N/A,116.5200,100,0.00,0.00,-0.00
470,Exit Long,Close Long,2016-12-23T00:00:00.000Z,116.5200,100,0.00,0.00,-0.00
471,Entry Long,Long,N/A,117.2600,100,0.00,0.00,-0.00
471,Exit Long,Close Long,2016-12-27T00:00:00.000Z,117.2600,100,0.00,0.00,-0.00
472,Entry Long,Long,N/A,116.7600,100,0.00,0.00,-0.00
472,Exit Long,Close Long,2016-12-28T00:00:00.000Z,116.7600,100,0.00,0.00,-0.00
473,Entry Long,Long,N/A,116.7300,100,0.00,0.00,-0.00
473,Exit Long,Close Long,2016-12-29T00:00:00.000Z,116.7300,100,0.00,0.00,-0.00
474,Entry Long,Long,N/A,115.8200,100,0.00,0.00,-0.00
474,Exit Long,Close Long,2016-12-30T00:00:00.000Z,115.8200,100,0.00,0.00,-0.00
475,Entry Long,Long,N/A,116.1500,100,0.00,0.00,-0.00
475,Exit Long,Close Long,2017-01-03T00:00:00.000Z,116.1500,100,0.00,0.00,-0.00
476,Entry Long,Long,N/A,116.0200,100,0.00,0.00,-0.00
476,Exit Long,Close Long,2017-01-04T00:00:00.000Z,116.0200,100,0.00,0.00,-0.00
477,Entry Long,Long,N/A,116.6100,100,0.00,0.00,-0.00
477,Exit Long,Close Long,2017-01-05T00:00:00.000Z,116.6100,100,0.00,0.00,-0.00
478,Entry Long,Long,N/A,117.9100,100,0.00,0.00,-0.00
478,Exit Long,Close Long,2017-01-06T00:00:00.000Z,117.9100,100,-0.00,-0.00,-0.00
479,Entry Long,Long,N/A,118.9900,100,0.00,0.00,-0.00
479,Exit Long,Close Long,2017-01-09T00:00:00.000Z,118.9900,100,0.00,0.00,-0.00
480,Entry Long,Long,N/A,119.1100,100,0.00,0.00,-0.00
480,Exit Long,Close Long,2017-01-10T00:00:00.000Z,119.1100,100,0.00,0.00,-0.00
481,Entry Long,Long,N/A,119.7500,100,0.00,0.00,-0.00
481,Exit Long,Close Long,2017-01-11T00:00:00.000Z,119.7500,100,0.00,0.00,-0.00
482,Entry Long,Long,N/A,119.2500,100,0.00,0.00,-0.00
482,Exit Long,Close Long,2017-01-12T00:00:00.000Z,119.2500,100,0.00,0.00,-0.00
483,Entry Long,Long,N/A,119.0400,100,0.00,0.00,-0.00
483,Exit Long,Close Long,2017-01-13T00:00:00.000Z,119.0400,100,-0.00,-0.00,-0.00
484,Entry Long,Long,N/A,120.0000,100,0.00,0.00,-0.00
484,Exit Long,Close Long,2017-01-17T00:00:00.000Z,120.0000,100,0.00,0.00,-0.00
485,Entry Long,Long,N/A,119.9900,100,0.00,0.00,-0.00
485,Exit Long,Close Long,2017-01-18T00:00:00.000Z,119.9900,100,0.00,0.00,-0.00
486,Entry Long,Long,N/A,119.7800,100,0.00,0.00,-0.00
486,Exit Long,Close Long,2017-01-19T00:00:00.000Z,119.7800,100,0.00,0.00,-0.00
487,Entry Long,Long,N/A,120.0000,100,0.00,0.00,-0.00
487,Exit Long,Close Long,2017-01-20T00:00:00.000Z,120.0000,100,0.00,0.00,-0.00
488,Entry Long,Long,N/A,120.0800,100,0.00,0.00,-0.00
488,Exit Long,Close Long,2017-01-23T00:00:00.000Z,120.0800,100,0.00,0.00,-0.00
489,Entry Long,Long,N/A,119.9700,100,0.00,0.00,-0.00
489,Exit Long,Close Long,2017-01-24T00:00:00.000Z,119.9700,100,0.00,0.00,-0.00
490,Entry Long,Long,N/A,121.8800,100,0.00,0.00,-0.00
490,Exit Long,Close Long,2017-01-25T00:00:00.000Z,121.8800,100,0.00,0.00,-0.00
491,Entry Long,Long,N/A,121.9400,100,0.00,0.00,-0.00
491,Exit Long,Close Long,2017-01-26T00:00:00.000Z,121.9400,100,0.00,0.00,-0.00
492,Entry Long,Long,N/A,121.9500,100,0.00,0.00,-0.00
492,Exit Long,Close Long,2017-01-27T00:00:00.000Z,121.9500,100,0.00,0.00,-0.00
493,Entry Long,Long,N/A,121.6300,100,0.00,0.00,-0.00
493,Exit Long,Close Long,2017-01-30T00:00:00.000Z,121.6300,100,0.00,0.00,-0.00
494,Entry Long,Long,N/A,121.3500,100,0.00,0.00,-0.00
494,Exit Long,Close Long,2017-01-31T00:00:00.000Z,121.3500,100,0.00,0.00,-0.00
495,Entry Long,Long,N/A,128.7500,100,0.00,0.00,-0.00
495,Exit Long,Close Long,2017-02-01T00:00:00.000Z,128.7500,100,0.00,0.00,-0.00
496,Entry Long,Long,N/A,128.5300,100,0.00,0.00,-0.00
496,Exit Long,Close Long,2017-02-02T00:00:00.000Z,128.5300,100,0.00,0.00,-0.00
497,Entry Long,Long,N/A,129.0800,100,0.00,0.00,-0.00
497,Exit Long,Close Long,2017-02-03T00:00:00.000Z,129.0800,100,0.00,0.00,-0.00
498,Entry Long,Long,N/A,130.2900,100,0.00,0.00,-0.00
498,Exit Long,Close Long,2017-02-06T00:00:00.000Z,130.2900,100,0.00,0.00,-0.00
499,Entry Long,Long,N/A,131.5300,100,0.00,0.00,-0.00
499,Exit Long,Close Long,2017-02-07T00:00:00.000Z,131.5300,100,0.00,0.00,-0.00
500,Entry Long,Long,N/A,132.0400,100,0.00,0.00,-0.00
500,Exit Long,Close Long,2017-02-08T00:00:00.000Z,132.0400,100,0.00,0.00,-0.00
501,Entry Long,Long,N/A,132.4200,100,0.00,0.00,-0.00
501,Exit Long,Close Long,2017-02-09T00:00:00.000Z,132.4200,100,0.00,0.00,-0.00
502,Entry Long,Long,N/A,132.1200,100,0.00,0.00,-0.00
502,Exit Long,Close Long,2017-02-10T00:00:00.000Z,132.1200,100,0.00,0.00,-0.00
503,Entry Long,Long,N/A,133.2900,100,0.00,0.00,-0.00
503,Exit Long,Close Long,2017-02-13T00:00:00.000Z,133.2900,100,0.00,0.00,-0.00
504,Entry Long,Long,N/A,135.0200,100,0.00,0.00,-0.00
504,Exit Long,Close Long,2017-02-14T00:00:00.000Z,135.0200,100,0.00,0.00,-0.00
505,Entry Long,Long,N/A,135.5100,100,0.00,0.00,-0.00
505,Exit Long,Close Long,2017-02-15T00:00:00.000Z,135.5100,100,0.00,0.00,-0.00
506,Entry Long,Long,N/A,135.3500,100,0.00,0.00,-0.00
506,Exit Long,Close Long,2017-02-16T00:00:00.000Z,135.3500,100,0.00,0.00,-0.00